Sample #,Tissue,Brain,Round,PI/NeuN,Nuclei Sorted,Nuclei Targeted,cDNA Amp Cycle,Agilent [cDNA] pg/ul,Dilution Factor,Final [cDNA] pg/ul,Total cDNA ng,cDNA Input,SI cycles,Ave frag length,Agilent [lib] pg/ul,Dilution Factor,Final [lib] pg/ul,index_name,index(i7),index2_workflow_a(i5),index2_workflow_b(i5),Est Read Pairs (million)
32c_scp,HPC-PI+,Br6522,4,PI,9000,6000,12,1282.90,12,15394.8,615.79,153.95,12,447,2079.50,8,16636.00,SS-TT-C10,AGAATGGTTT,GAGGGTGGGA,TCCCACCCTC,300
5c_dACC_SVB,dACC-PI+,Br2743,2,PI,9000,6000,12,8157.56,1,8157.56,326.30,81.58,13,462,3351.93,6,20111.58,SI-TT-C1,TGCGCGGTTT,CAAGGATAAA,TTTATCCTTG,300
6c_dACC_SVB,dACC-PI+,Br3942,2,PI,9000,6000,12,4965.29,2,9930.58,397.22,99.31,13,451,3293.09,6,19758.54,SI-TT-D1,TGCAATGTTC,GCTTGTCGAA,TTCGACAAGC,300
7c_dACC_SVB,dACC-PI+,Br6423,2,PI,9000,6000,12,5069.19,3,15207.57,608.30,152.08,12,452,3885.06,6,23310.36,SI-TT-E1,TTATTCGAGG,CTGTCCTGCT,AGCAGGACAG,300
8c_dACC_SVB,dACC-PI+,Br8325,3,PI,9000,6000,12,5751.74,1,5751.74,230.07,57.52,14,455,2812.07,14,39368.98,SI-TT-F1,AAGATTGGAT,AGCGGGATTT,AAATCCCGCT,300
9c_dACC_SVB,dACC-PI+,Br8492,3,PI,9000,6000,12,5953.98,1,5953.98,238.16,59.54,14,507,3150.44,13,40955.72,SI-TT-G1,TGTAGTCATT,CTTGATCGTA,TACGATCAAG,300
10c_dACC_SVB,dACC-PI+,Br8667,3,PI,9000,6000,12,4177.67,2,8355.34,334.21,83.55,13,465,2918.91,10,29189.10,SI-TT-H1,ACAATGTGAA,CGTACCGTTA,TAACGGTACG,300
,,,,,,,,,,,,,,,,,,,,,,
,,,,,,,,,,,,,,,,,,,,,,
,,,,,,,,,,,,,,,,,,,,,,
,,,,,,,,,,,,,,,,,,,,,,