record_id,date,datemount,slide,staining,fixation,scope,pol_mag,pol_expo,cs2_mag,nik_chan1,nik_chan2,nik_chan3,nik_chan4,nik_chan5,nik_chan6,nik_mag1,nik_mag2,nik_mag3,nik_mag4,nik_mag5,nik_mag6,nik_pow1,nik_pow2,nik_pow3,nik_pow4,nik_pow5,nik_pow6,nik_gain1,nik_gain2,nik_gain3,nik_gain4,nik_gain5,nik_gain6,nik_pin1,nik_pin2,nik_pin3,nik_pin4,nik_pin5,nik_pin6,filename,file,p_antibody1,p_antibody2,p_antibody3,p_antibody4,p_antibody5,s_antibody1,s_antibody2,s_antibody3,s_antibody4,s_antibody5,p_vendor1,p_vendor2,p_vendor3,p_vendor4,p_vendor5,s_vendor1,s_vendor2,s_vendor3,s_vendor4,s_vendor5,p_cat_no1,p_cat_no2,p_cat_no3,p_cat_no4,p_cat_no5,s_cat_no1,s_cat_no2,s_cat_no3,s_cat_no4,s_cat_no5,p_host1,p_host2,p_host3,p_host4,p_host5,s_host1,s_host2,s_host3,s_host4,s_host5,target_protein1,target_protein2,target_protein3,target_protein4,target_protein5,target_species1,target_species2,target_species3,target_species4,target_species5,p_dilution1,p_dilution2,p_dilution3,p_dilution4,p_dilution5,s_dilution1,s_dilution2,s_dilution3,s_dilution4,s_dilution5,p_conjugate1,p_conjugate2,p_conjugate3,p_conjugate4,p_conjugate5,s_conjugate1,s_conjugate2,s_conjugate3,s_conjugate4,s_conjugate5,slidepicture,experimenter,stainer,imager,visium_slides_complete,species_a1,sample_a1,region_a1,serial_a1,adjacent_a1,tissue_format_a1,project_a1,image_a1,sequenced_a1,sample_number1_a1,sample_number2_a1,sample_number3_a1,sample_number4_a1,sample_number5_a1,master_sheet1_a1,master_sheet2_a1,master_sheet3_a1,master_sheet4_a1,master_sheet5_a1,sample_filename1_a1,sample_filename2_a1,sample_filename3_a1,sample_filename4_a1,sample_filename5_a1,experimenter1_a1,experimenter2_a1,experimenter3_a1,experimenter4_a1,experimenter5_a1,index_name1_a1,index_name2_a1,index_name3_a1,index_name4_a1,index_name5_a1,approver_a1,array_a1_complete,species_b1,sample_b1,region_b1,serial_b1,adjacent_b1,tissue_format_b1,project_b1,image_b1,sequenced_b1,sample_number1_b1,sample_number2_b1,sample_number3_b1,sample_number4_b1,sample_number5_b1,master_sheet1_b1,master_sheet2_b1,master_sheet3_b1,master_sheet4_b1,master_sheet5_b1,sample_filename1_b1,sample_filename2_b1,sample_filename3_b1,sample_filename4_b1,sample_filename5_b1,experimenter1_b1,experimenter2_b1,experimenter3_b1,experimenter4_b1,experimenter5_b1,index_name1_b1,index_name2_b1,index_name3_b1,index_name4_b1,index_name5_b1,approver_b1,array_b1_complete,species_c1,sample_c1,region_c1,serial_c1,adjacent_c1,tissue_format_c1,project_c1,image_c1,sequenced_c1,sample_number1_c1,sample_number2_c1,sample_number3_c1,sample_number4_c1,sample_number5_c1,master_sheet1_c1,master_sheet2_c1,master_sheet3_c1,master_sheet4_c1,master_sheet5_c1,sample_filename1_c1,sample_filename2_c1,sample_filename3_c1,sample_filename4_c1,sample_filename5_c1,experimenter1_c1,experimenter2_c1,experimenter3_c1,experimenter4_c1,experimenter5_c1,index_name1_c1,index_name2_c1,index_name3_c1,index_name4_c1,index_name5_c1,approver_c1,array_c1_complete,species_d1,sample_d1,region_d1,serial_d1,adjacent_d1,tissue_format_d1,project_d1,image_d1,sequenced_d1,sample_number1_d1,sample_number2_d1,sample_number3_d1,sample_number4_d1,sample_number5_d1,master_sheet1_d1,master_sheet2_d1,master_sheet3_d1,master_sheet4_d1,master_sheet5_d1,sample_filename1_d1,sample_filename2_d1,sample_filename3_d1,sample_filename4_d1,sample_filename5_d1,experimenter1_d1,experimenter2_d1,experimenter3_d1,experimenter4_d1,experimenter5_d1,index_name1_d1,index_name2_d1,index_name3_d1,index_name4_d1,index_name5_d1,approver_d1,array_d1_complete,species,sample,region,serial,adjacent,tissue_format,project,image,sequenced,assay1,assay2,assay3,assay4,assay5,date1,date2,date3,date4,date5,sample_number1,sample_number2,sample_number3,sample_number4,sample_number5,master_sheet1,master_sheet2,master_sheet3,master_sheet4,master_sheet5,sample_filename1,sample_filename2,sample_filename3,sample_filename4,sample_filename5,experimenter1,experimenter2,experimenter3,experimenter4,experimenter5,index_name1,index_name2,index_name3,index_name4,index_name5,indexi71,indexi72,indexi73,indexi74,indexi75,index2_ai5_1,index2_ai5_2,index2_ai5_3,index2_ai5_4,index2_ai5_5,index2_bi5_1,index2_bi5_2,index2_bi5_3,index2_bi5_4,index2_bi5_5,approver,array_temp_complete
1,2021-10-06,,V10B01-085,HE,Reg,CS2,,,,,,,,,,,,,,,,,,,,,,,,,,,,,,,,,,,tif,,,,,,,,,,,,,,,,,,,,,,,,,,,,,,,,,,,,,,,,,,,,,,,,,,,,,,,,,,,,,,,,,,,,,,,,"Heena Divecha",,,2,human,Br6423-O,HPC,N,,S,spatialHPC_LIBD4035,,1,01_V_H,**_*_***,**_*_***,**_*_***,**_*_***,Visium_HPC_Round1+2_110321_Master_SCP,,,,,,,,,,"Heena Divecha",,,,,SI-TT-F1,SI-TT-**,SI-TT-**,SI-TT-**,SI-TT-**,"MADHAVI TIPPANI",0,human,Br6423-O,HPC,N,,C,spatialHPC_LIBD4035,,1,02_V_H,,,,,Visium_HPC_Round1+2_110321_Master_SCP,,,,,,,,,,"Heena Divecha",,,,,SI-TT-G12,,,,,"Madhavi Tippani",2,human,Br6423-O,HPC,N,,S,spatialHPC_LIBD4035,,1,03_V_H,,,,,Visium_HPC_Round1+2_110321_Master_SCP,,,,,,,,,,"Heena Divecha",,,,,SI-TT-H12,,,,,"Madhavi Tippani",2,human,Br6423-O,HPC,N,,S,spatialHPC_LIBD4035,,1,04_V_H,,,,,Visium_HPC_Round1+2_110321_Master_SCP,,,,,,,,,,"Heena Divecha",,,,,SI-TT-A1,,,,,"Madhavi Tippani",2,human,Br6423-O,HPC,N,,S,,,1,visium,,,,,,,,,,01_V_H,**_*_**,**_*_**,**_*_**,**_*_**,Visium_HPC_Round1+2_110321_Master_SCP,,,,,,,,,,"Heena Divecha",,,,,SI-TT-F12,SI-TT-**,SI-TT-**,SI-TT-**,SI-TT-**,GAGACGCACG,,,,,CTATGAACAT,,,,,ATGTTCATAG,,,,,"MADHAVI TIPPANI",0
2,2021-02-03,,V10A27-106,IF,Reg,Polaris,,,,,,,,,,,,,,,,,,,,,,,,,,,,,,,,,,,tif,,,,,,,,,,,,,,,,,,,,,,,,,,,,,,,,,,,,,,,,,,,,,,,,,,,,,,,,,,,,,,,,,,,,,,,,"Sang Ho Kwon",,,2,,,,,,,spatialDLPFC_LIBD4035,,,**_*_***,**_*_***,**_*_***,**_*_***,**_*_***,,,,,,,,,,,,,,,,SI-TT-**,SI-TT-**,SI-TT-**,SI-TT-**,SI-TT-**,,0,,,,,,,spatialDLPFC_LIBD4035,,,**_*_**,**_*_**,**_*_**,**_*_**,**_*_**,,,,,,,,,,,,,,,,SI-TT-**,SI-TT-**,SI-TT-XX,SI-TT-**,SI-TT-**,,0,,,,,,,spatialDLPFC_LIBD4035,,,**_*_***,**_*_***,**_*_***,**_*_***,**_*_***,,,,,,,,,,,,,,,,SI-TT-**,SI-TT-**,SI-TT-**,SI-TT-**,SI-TT-**,,0,,,,,,,spatialDLPFC_LIBD4035,,,**_*_***,**_*_***,**_*_***,**_*_***,**_*_***,,,,,,,,,,,,,,,,SI-TT-**,SI-TT-**,SI-TT-**,SI-TT-**,SI-TT-**,,0,human,Br3874,,N,N,C,LIBD001,,1,visium,,,,,2022-01-12,,,,,1_V_SHK,**_*_***,**_*_***,**_*_***,**_*_***,Visium_IF_AD_ITG_MasterExcelSummaryShhet,,,,,,,,,,SHK,,,,,SI-TT-F3,SI-TT-**,SI-TT-**,SI-TT-**,SI-TT-**,GAGAGGATAT,,,,,TTGAAATGGG,,,,,CCCATTTCAA,,,,,,0
4,2022-01-11,,V10B01-088,HE,Reg,CS2,,,,,,,,,,,,,,,,,,,,,,,,,,,,,,,,,,01-26-22_Visium_V10B01-088_HPC_Round1,tif,,,,,,,,,,,,,,,,,,,,,,,,,,,,,,,,,,,,,,,,,,,,,,,,,,,,,,,,,,,,,,,,,,,,,,,VisiumSlide_V10B01-088.jpg,"Anthony Ramnauth",,,2,human,Br8686,HPC,N,N,S,lifespanDG_LIBD001,Br8686.jpg,1,1_v_ADR,**_*_***,**_*_***,**_*_***,**_*_***,Visium_HPC_Round1_20220113_Master_ADR.xlsx,,,,,1v_ADR_L00*,,,,,"Anthony Ramnauth",,,,,SI-TT-B4,SI-TT-**,SI-TT-**,SI-TT-**,SI-TT-**,,2,human,Br2706,HPC,N,N,S,lifespanDG_LIBD001,Br2706.jpg,1,2_v_ADR,**_*_**,**_*_**,**_*_**,**_*_**,Visium_HPC_Round1_20220113_Master_ADR.xlsx,,,,,2v_ADR_L00*,,,,,"Anthony Ramnauth",,,,,SI-TT-D4,SI-TT-**,SI-TT-XX,SI-TT-**,SI-TT-**,,2,human,Br3942,HPC,N,N,S,lifespanDG_LIBD001,Br3942.jpg,1,3_v_ADR,**_*_**,**_*_**,**_*_**,**_*_**,Visium_HPC_Round1_20220113_Master_ADR.xlsx,,,,,3v_ADR_L00*,,,,,"Anthony Ramnauth",,,,,SI-TT-E4,SI-TT-**,SI-TT-XX,SI-TT-**,SI-TT-**,,2,human,Br6023,HPC,N,N,S,lifespanDG_LIBD001,Br6023.jpg,1,4_v_ADR,**_*_**,**_*_**,**_*_**,**_*_**,Visium_HPC_Round1_20220113_Master_ADR.xlsx,,,,,4v_ADR_L00*,,,,,"Anthony Ramnauth",,,,,SI-TT-C4,SI-TT-**,SI-TT-XX,SI-TT-**,SI-TT-**,,2,human,Br8686,HPC,N,N,S,spatial_DG_lifespan,Br8686.jpg,1,visium,,,,,2022-02-01,,,,,1_v_ADR,**_*_***,**_*_***,**_*_***,**_*_***,Visium_HPC_Round1_20220113_Master_ADR.xlsx,,,,,2v_ADR_L00*,,,,,"Anthony Ramnauth",,,,,SI-TT-B4,SI-TT-**,SI-TT-**,SI-TT-**,SI-TT-**,GTAGACGAAA,,,,,CTAGTGTGGT,,,,,ACCACACTAG,,,,,,2
5,2022-01-26,,V10B01-087,IF,Reg,Polaris,,,,,,,,,,,,,,,,,,,,,,,,,,,,,,,,,,20220126_VIF_DLPFC_Real_Fused.tif,tif,Anti-NeuN,"Anti-TMEM119 ",Anti-GFAP,Anti-OLIG2,N/A,"Donkey anti-Rabbit-Ig-AF555","Donkey anti-Rat-Ig-AF594","Donkey anti-Goat-Ig-AF647",DAPI,N/A,"Sigma Aldrich","Sigma Aldrich",Thermofisher," R&D systems",N/A,Thermofisher,Thermofisher,Thermofisher,Thermofisher,N/A,MAB377X,HPA051870-100UL," 13-0300","AF2418 ",N/A,A-31572,A-21209,A-21447,D1306,N/A,Mouse,Rabbit,"Rat ",Goat,N/A,Donkey,Donkey,Donkey,N/A,N/A,NeuN,TMEM119,GFAP,OLIG2,N/A,Rabbit,Rat,Goat,N/A,N/A,1:100,1:20," 1:100",1:20,N/A,1:300,1:600," 1:400",N/A,N/A,"Alexa Fluor 488",N/A,N/A,N/A,N/A,"Alexa Fluor 555","Alexa Fluor 594","Alexa Fluor 647",N/A,N/A,20220126_VIF_DLPFC_Real_Fused_Snapshot_tiff.tiff,"Sang Ho Kwon",,,2,human,Br2720,DLPFC,1,N,C,spatialDLPFC_LIBD4035,DLPFC_Ant_Br2720.HEIC,1,1_V_SHK,,,,**_*_***,Yes,,,,,,,,,,"Sang Ho Kwon",,,,,SI-TT-F4,,,,SI-TT-**,"Kristen Maynard",0,human,Br6432,DLPFC,1,N,C,spatialDLPFC_LIBD4035,DLPFC_Ant_Br6432.HEIC,1,2_V_SHK,**_*_**,**_*_**,**_*_**,**_*_**,Yes,,,,,,,,,,"Sang Ho Kwon",,,,,SI-TT-G4,SI-TT-**,SI-TT-XX,SI-TT-**,SI-TT-**,"Kristen Maynard",0,human,Br6522,DLPFC,1,N,C,spatialDLPFC_LIBD4035,DLPFC_Ant_Br6522.HEIC,1,3_V_SHK,**_*_**,**_*_**,**_*_**,**_*_**,,,,,,,,,,,"Sang Ho Kwon",,,,,SI-TT-H4,SI-TT-**,SI-TT-XX,SI-TT-**,SI-TT-**,"Kristen Maynard",0,,Br8667,DLPFC,3,N,C,spatialDLPFC_LIBD4035,DLPFC_Post_Br8667.HEIC,1,4_V_SHK,**_*_**,**_*_**,**_*_**,**_*_**,Yes,,,,,,,,,,"Sang Ho Kwon",,,,,SI-TT-A5,SI-TT-**,SI-TT-XX,SI-TT-**,SI-TT-**,"Kristen Maynard",0,human,Br2720,DLPFC,1,N,C,spatialDLPFC_LIBD4035,DLPFC_Ant_Br2720.HEIC,0,,,,,,,,,,,**_*_***,**_*_***,**_*_***,**_*_***,**_*_***,,,,,,,,,,,,,,,,SI-TT-**,SI-TT-**,SI-TT-**,SI-TT-**,SI-TT-**,,,,,,,,,,,,,,,,"Kristen Maynard",0
6,2022-02-23,,V11L05-334,HE,Reg,CS2,,,,,,,,,,,,,,,,,,,,,,,,,,,,,,,,,,02-23-22_Visium_V11L05-334_HPC_Round2,tif,,,,,,,,,,,,,,,,,,,,,,,,,,,,,,,,,,,,,,,,,,,,,,,,,,,,,,,,,,,,,,,,,,,,,,,20220223_111241.jpg,"Anthony Ramnauth",,,2,human,Br8195,HPC,N,N,S,lifespanDG_LIBD001,Br8195(2).jpg,1,05_v_ADR,**_*_***,**_*_***,**_*_***,**_*_***,Visium_HPC_Round2_20220223_Master_ADR.xlsx,,,,,,,,,,"Anthony Ramnauth",,,,,SI-TT-B6,SI-TT-**,SI-TT-**,SI-TT-**,SI-TT-**,,0,human,Br1412,HPC,N,N,S,lifespanDG_LIBD001,Br1412.jpg,1,06_v_ADR,**_*_***,**_*_***,**_*_***,**_*_***,Visium_HPC_Round2_20220223_Master_ADR.xlsx,,,,,,,,,,"Anthony Ramnauth",,,,,SI-TT-C6,SI-TT-**,SI-TT-**,SI-TT-**,SI-TT-**,,0,human,Br8667,HPC,N,N,S,lifespanDG_LIBD001,Br8667(2).jpg,1,07_v_ADR,**_*_***,**_*_***,**_*_***,**_*_***,Visium_HPC_Round2_20220223_Master_ADR.xlsx,,,,,,,,,,"Anthony Ramnauth",,,,,SI-TT-D6,SI-TT-**,SI-TT-**,SI-TT-**,SI-TT-**,,0,human,Br5242,HPC,N,N,S,lifespanDG_LIBD001,Br5242.jpg,1,08_v_ADR,**_*_***,**_*_***,**_*_***,**_*_***,Visium_HPC_Round2_20220223_Master_ADR.xlsx,,,,,,,,,,"Anthony Ramnauth",,,,,SI-TT-E6,SI-TT-**,SI-TT-**,SI-TT-**,SI-TT-**,,0,human,Br1412,HPC,N,N,S,spatial_DG_lifespan,Br1412.jpg,1,visium,,,,,,,,,,06_v_ADR,**_*_***,**_*_***,**_*_***,**_*_***,Visium_HPC_Round2_20220223_Master_ADR.xlsx,,,,,,,,,,"Anthony Ramnauth",,,,,SI-TT-C6,SI-TT-**,SI-TT-**,SI-TT-**,SI-TT-**,ACGACTACCA,,,,,ACGACCCTAA,,,,,TTAGGGTCGT,,,,,,0
7,2022-02-14,,V11L05-333,HE,Reg,CS2,,,,,,,,,,,,,,,,,,,,,,,,,,,,,,,,,,02-14-2022_Visium_V11-L05-333_HPC_Round4,tif,,,,,,,,,,,,,,,,,,,,,,,,,,,,,,,,,,,,,,,,,,,,,,,,,,,,,,,,,,,,,,,,,,,,,,,PXL_20220214_160122958.MP.jpg,"Stephanie Page",,,0,human,Br3942,HPC,N,TL,S,spatialHPC_LIBD4035,"Image from iOS.jpg",1,13v_scp,**_*_***,**_*_***,**_*_***,**_*_***,,,,,,13v_scp,,,,,"Stephanie Page",,,,,SI-TT-G5,SI-TT-**,SI-TT-**,SI-TT-**,SI-TT-**,"Stephanie C Page",0,human,Br3942,HPC,N,TR,S,spatialHPC_LIBD4035,"Image from iOS.jpg",1,14v_scp,**_*_***,**_*_***,**_*_***,**_*_***,,,,,,14v_scp,,,,,"Stephanie Page",,,,,SI-TT-H5,SI-TT-**,SI-TT-**,SI-TT-**,SI-TT-**,,0,human,Br3942,HPC,N,BL,S,spatialHPC_LIBD4035,"Image from iOS.jpg",1,15v_scp,**_*_***,**_*_***,**_*_***,**_*_***,,,,,,15v_scp,,,,,"Stephanie Page",,,,,SI-TT-A6,SI-TT-**,SI-TT-**,SI-TT-**,SI-TT-**,,0,human,Br3942,HPC,N,BR,S,spatialHPC_LIBD4035,"Image from iOS.jpg",1,16v_scp,**_*_***,**_*_***,**_*_***,**_*_***,,,,,,16v_scp,,,,,"Stephanie Page",,,,,SI-TT-F5,SI-TT-**,SI-TT-**,SI-TT-**,SI-TT-**,,0,,,,,,,,,,,,,,,,,,,,**_*_***,**_*_***,**_*_***,**_*_***,**_*_***,,,,,,,,,,,,,,,,SI-TT-**,SI-TT-**,SI-TT-**,SI-TT-**,SI-TT-**,,,,,,,,,,,,,,,,,0
8,2022-02-28,,V11L05-335,HE,Reg,CS2,,,,,,,,,,,,,,,,,,,,,,,,,,,,,,,,,,02-28-2022_Visium_V11L05-335_HPC_Round5,tif,,,,,,,,,,,,,,,,,,,,,,,,,,,,,,,,,,,,,,,,,,,,,,,,,,,,,,,,,,,,,,,,,,,,,,,PXL_20220228_154701384.MP.jpg,"Stephanie Page",,,0,human,Br6471,HPC,N,BR,S,spatialHPC_LIBD4035,"image (22).png",1,17v_scp,**_*_***,**_*_***,**_*_***,**_*_***,,,,,,17v_scp,,,,,"Stephanie Page",,,,,SI-TT-F6,SI-TT-**,SI-TT-**,SI-TT-**,SI-TT-**,,0,human,Br6471,HPC,N,TR,S,spatialHPC_LIBD4035,"image (22).png",1,18v_scp,**_*_***,**_*_***,**_*_***,**_*_***,,,,,,18v_scp,,,,,"Stephanie Page",,,,,SI-TT-G6,SI-TT-**,SI-TT-**,SI-TT-**,SI-TT-**,,0,human,Br6471,HPC,N,TL,S,spatialHPC_LIBD4035,"image (22).png",1,19v_scp,**_*_***,**_*_***,**_*_***,**_*_***,,,,,,19v_scp,,,,,"Stephanie Page",,,,,SI-TT-H6,SI-TT-**,SI-TT-**,SI-TT-**,SI-TT-**,,0,human,Br8325,HPC,N,N,S,spatialHPC_LIBD4035,"Image from iOS (1).jpg",1,20v_scp,**_*_***,**_*_***,**_*_***,**_*_***,,,,,,20v_scp,,,,,"Stephanie Page",,,,,SI-TT-A7,SI-TT-**,SI-TT-**,SI-TT-**,SI-TT-**,,0,,,,,,,,,,,,,,,,,,,,**_*_***,**_*_***,**_*_***,**_*_***,**_*_***,,,,,,,,,,,,,,,,SI-TT-**,SI-TT-**,SI-TT-**,SI-TT-**,SI-TT-**,,,,,,,,,,,,,,,,,0
9,2022-02-07,,V11A20-297,HE,Reg,CS2,,,,,,,,,,,,,,,,,,,,,,,,,,,,,,,,,,Br8325_Visium_HPC_R3_40X.tif,tif,,,,,,,,,,,,,,,,,,,,,,,,,,,,,,,,,,,,,,,,,,,,,,,,,,,,,,,,,,,,,,,,,,,,,,,Br8325_Visium_HPC_R3_40X_snapshot.tif,"Heena Divecha",,,0,human,Br8325,HPC,N,BL,S,spatialHPC_LIBD4035,Br8325_HPC_block_image.jpg,1,9v_h,**_*_***,**_*_***,**_*_***,**_*_***,,,,,,,,,,,"Heena Divecha",,,,,SI-TT-B5,SI-TT-**,SI-TT-**,SI-TT-**,SI-TT-**,,0,human,Br8325,HPC,N,BR,S,spatialHPC_LIBD4035,Br8325_HPC_block_image.jpg,1,10v_h,**_*_***,**_*_***,**_*_***,**_*_***,,,,,,,,,,,"Heena Divecha",,,,,SI-TT-C5,SI-TT-**,SI-TT-**,SI-TT-**,SI-TT-**,,0,human,Br8325,HPC,N,TL,S,spatialHPC_LIBD4035,,1,11v_h,**_*_***,**_*_***,**_*_***,**_*_***,,,,,,,,,,,"Heena Divecha",,,,,SI-TT-D5,SI-TT-**,SI-TT-**,SI-TT-**,SI-TT-**,,0,human,Br8325,HPC,N,TR,S,spatialHPC_LIBD4035,Br8325_HPC_block_image.jpg,1,12v_h,**_*_***,**_*_***,**_*_***,**_*_***,,,,,,,,,,,"Heena Divecha",,,,,SI-TT-E5,SI-TT-**,SI-TT-**,SI-TT-**,SI-TT-**,,0,,,,,,,,,,,,,,,,,,,,**_*_***,**_*_***,**_*_***,**_*_***,**_*_***,,,,,,,,,,,,,,,,SI-TT-**,SI-TT-**,SI-TT-**,SI-TT-**,SI-TT-**,,,,,,,,,,,,,,,,,0
10,2022-03-14,,V11L05-336,HE,Reg,CS2,,,,,,,,,,,,,,,,,,,,,,,,,,,,,,,,,,03-15-2022_Visium_V11L05-336_HPC_Round6.tif,tif,,,,,,,,,,,,,,,,,,,,,,,,,,,,,,,,,,,,,,,,,,,,,,,,,,,,,,,,,,,,,,,,,,,,,,,40X_Visium_HPC_Round6_snapshot.tif,"Heena Divecha",,,0,human,Br8667,HPC,N,BR,S,spatialHPC_LIBD4035,Br8667_HPC_block_image.jpg,1,21v_h,**_*_***,**_*_***,**_*_***,**_*_***,,,,,,,,,,,"Heena Divecha",,,,,SI-TT-H7,SI-TT-**,SI-TT-**,SI-TT-**,SI-TT-**,,0,human,Br8667,HPC,N,BL,S,spatialHPC_LIBD4035,Br8667_HPC_block_image.jpg,1,22v_h,**_*_***,**_*_***,**_*_***,**_*_***,,,,,,,,,,,"Heena Divecha",,,,,SI-TT-A8,SI-TT-**,SI-TT-**,SI-TT-**,SI-TT-**,,0,human,Br8667,HPC,N,TR,S,spatialHPC_LIBD4035,Br8667_HPC_block_image.jpg,1,23v_h,**_*_***,**_*_***,**_*_***,**_*_***,,,,,,,,,,,"Heena Divecha",,,,,SI-TT-B8,SI-TT-**,SI-TT-**,SI-TT-**,SI-TT-**,,0,human,Br8667,HPC,N,TL,S,spatialHPC_LIBD4035,Br8667_HPC_block_image.jpg,1,24v_h,**_*_***,**_*_***,**_*_***,**_*_***,,,,,,,,,,,"Heena Divecha",,,,,SI-TT-C8,SI-TT-**,SI-TT-**,SI-TT-**,SI-TT-**,,0,,,,,,,,,,,,,,,,,,,,**_*_***,**_*_***,**_*_***,**_*_***,**_*_***,,,,,,,,,,,,,,,,SI-TT-**,SI-TT-**,SI-TT-**,SI-TT-**,SI-TT-**,,,,,,,,,,,,,,,,,0
11,2022-03-21,,V11U08-084,HE,Reg,CS2,,,,,,,,,,,,,,,,,,,,,,,,,,,,,,,,,,03-21-2022_Visium_V11U08-084_HPC_Round7.tif,tif,,,,,,,,,,,,,,,,,,,,,,,,,,,,,,,,,,,,,,,,,,,,,,,,,,,,,,,,,,,,,,,,,,,,,,,PXL_20220321_150127442.MP.jpg,"Stephanie Page",,,0,human,Br6522,HPC,N,TL,,spatialHPC_LIBD4035,PXL_20220307_161304363.MP.jpg,1,25v_scp,**_*_***,**_*_***,**_*_***,**_*_***,,,,,,,,,,,,,,,,SI-TT-D8,SI-TT-**,SI-TT-**,SI-TT-**,SI-TT-**,"Stephanie Page",0,human,Br6522,HPC,N,TR,S,spatialHPC_LIBD4035,,1,26v_scp,**_*_***,**_*_***,**_*_***,**_*_***,,,,,,,,,,,,,,,,SI-TT-E8,SI-TT-**,SI-TT-**,SI-TT-**,SI-TT-**,"stephanie page",0,human,Br6522,HPC,N,BL,S,spatialHPC_LIBD4035,PXL_20220307_161304363.MP.jpg,1,27v_scp,**_*_***,**_*_***,**_*_***,**_*_***,,,,,,,,,,,,,,,,SI-TT-F8,SI-TT-**,SI-TT-**,SI-TT-**,SI-TT-**,"Stephanie Page",0,human,Br6522,HPC,N,BR,S,spatialHPC_LIBD4035,,1,28v_scp,**_*_***,**_*_***,**_*_***,**_*_***,,,,,,,,,,,,,,,,SI-TT-G8,SI-TT-**,SI-TT-**,SI-TT-**,SI-TT-**,"Stephanie Page",0,,,,,,,,,,,,,,,,,,,,**_*_***,**_*_***,**_*_***,**_*_***,**_*_***,,,,,,,,,,,,,,,,SI-TT-**,SI-TT-**,SI-TT-**,SI-TT-**,SI-TT-**,,,,,,,,,,,,,,,,,0
12,2022-03-28,,V11U08-081,HE,Reg,CS2,,,,,,,,,,,,,,,,,,,,,,,,,,,,,,,,,,03-28-2022_Visium_V11U08-081_HPC_Round8_snapshot,tif,,,,,,,,,,,,,,,,,,,,,,,,,,,,,,,,,,,,,,,,,,,,,,,,,,,,,,,,,,,,,,,,,,,,,,,03-28-2022_Visium_V11U08-081_HPC_Round8_snapshot.tif,"Elizabeth Pattie",,,0,human,Br8492,HPC,N,TL,S,spatialHPC_LIBD4035,,1,29v_eap,**_*_***,**_*_***,**_*_***,**_*_***,Visium_HPC_Round3-8_033022_SCP,,,,,V11U08-081_A1,,,,,"Elizabeth Pattie",,,,,SI-TT-H8,SI-TT-**,SI-TT-**,SI-TT-**,SI-TT-**,,0,human,Br8492,HPC,N,TR,S,spatialHPC_LIBD4035,,1,30v_eap,**_*_***,**_*_***,**_*_***,**_*_***,Visium_HPC_Round3-8_033022_SCP,,,,,V11U08-081_B1,,,,,"Elizabeth Pattie",,,,,SI-TT-A9,SI-TT-**,SI-TT-**,SI-TT-**,SI-TT-**,,0,human,Br2743,HPC,N,TL,S,spatialHPC_LIBD4035,,1,31v_eap,**_*_***,**_*_***,**_*_***,**_*_***,Visium_HPC_Round3-8_033022_SCP,,,,,V11U08-081_C1,,,,,"Elizabeth Pattie",,,,,SI-TT-B9,SI-TT-**,SI-TT-**,SI-TT-**,SI-TT-**,,0,human,Br2743,HPC,N,TR,S,spatialHPC_LIBD4035,,1,32v_eap,**_*_***,**_*_***,**_*_***,**_*_***,Visium_HPC_Round3-8_033022_SCP,,,,,V11U08-081_D1,,,,,"Elizabeth Pattie",,,,,SI-TT-C9,SI-TT-**,SI-TT-**,SI-TT-**,SI-TT-**,,0,,,,,,,,,,,,,,,,,,,,**_*_***,**_*_***,**_*_***,**_*_***,**_*_***,,,,,,,,,,,,,,,,SI-TT-**,SI-TT-**,SI-TT-**,SI-TT-**,SI-TT-**,,,,,,,,,,,,,,,,,0
13,2021-10-11,,V10B01-086,HE,Reg,CS2,,,,,,,,,,,,,,,,,,,,,,,,,,,,,,,,,,10-11-2021_Visium_V10B01-086_HPC_Round2.tif,tif,,,,,,,,,,,,,,,,,,,,,,,,,,,,,,,,,,,,,,,,,,,,,,,,,,,,,,,,,,,,,,,,,,,,,,,,"Stephanie Page",,,2,human,Br6432-R,HPC,N,TL,,spatialHPC_LIBD4035,,1,5v_scp,**_*_***,**_*_***,**_*_***,**_*_***,Visium_HPC_Round1+2_110321_Master_SCP,,,,,V10B01-086_A1,,,,,"Stephanie Page",,,,,SI-TT-G1,SI-TT-**,SI-TT-**,SI-TT-**,SI-TT-**,"Madhavi Tippani",2,human,Br6432-R,HPC,N,BL,S,spatialHPC_LIBD4035,,1,6v_scp,**_*_***,**_*_***,**_*_***,**_*_***,Visium_HPC_Round1+2_110321_Master_SCP,,,,,V10B01-086_B1,,,,,"Stephanie Page",,,,,SI-TT-H1,SI-TT-**,SI-TT-**,SI-TT-**,SI-TT-**,"Madhavi Tippani",2,human,Br2743-Y,HPC,N,TR,S,spatialHPC_LIBD4035,,1,7v_scp,**_*_***,**_*_***,**_*_***,**_*_***,Visium_HPC_Round1+2_110321_Master_SCP,,,,,V10B01-086_C1,,,,,"Stephanie Page",,,,,SI-TT-A2,SI-TT-**,SI-TT-**,SI-TT-**,SI-TT-**,"Madhavi Tippani",2,human,Br2743-Y,HPC,N,BR,S,spatialHPC_LIBD4035,,1,8v_scp,**_*_***,**_*_***,**_*_***,**_*_***,Visium_HPC_Round1+2_110321_Master_SCP,,,,,V10B01-086_D1,,,,,"Stephanie Page",,,,,SI-TT-D3,SI-TT-**,SI-TT-**,SI-TT-**,SI-TT-**,"Madhavi Tippani",2,,,,,,,,,,,,,,,,,,,,**_*_***,**_*_***,**_*_***,**_*_***,**_*_***,,,,,,,,,,,,,,,,SI-TT-**,SI-TT-**,SI-TT-**,SI-TT-**,SI-TT-**,,,,,,,,,,,,,,,,,0
14,2022-07-06,,V11D01-387,HE,Reg,CS2,,,,,,,,,,,,,,,,,,,,,,,,,,,,,,,,,,07-06-22_Visium_V11D01-387_HPC_Round3.tif,tif,,,,,,,,,,,,,,,,,,,,,,,,,,,,,,,,,,,,,,,,,,,,,,,,,,,,,,,,,,,,,,,,,,,,,,,ADR_Visium_SlideNum_V11D01-387.jpg,"Anthony Ramnauth",,,2,human,Br6129,HPC,N,N,S,spatial_DG_lifespan,Br6129(1).jpg,1,9_v_ADR,**_*_***,**_*_***,**_*_***,**_*_***,Visium_HPC_Round3_20220707_Master_ADR.xlsx,,,,,9v-ADR_S20_L00*,,,,,"Anthony Ramnauth",,,,,SI-TT-D1,SI-TT-**,SI-TT-**,SI-TT-**,SI-TT-**,,2,human,Br6299,HPC,N,N,S,spatial_DG_lifespan,Br6299(1).jpg,1,10_v_ADR,**_*_***,**_*_***,**_*_***,**_*_***,Visium_HPC_Round3_20220707_Master_ADR.xlsx,,,,,10v-ADR_S21_L00*,,,,,"Anthony Ramnauth",,,,,SI-TT-E1,SI-TT-**,SI-TT-**,SI-TT-**,SI-TT-**,,2,human,Br8851,HPC,N,N,S,spatial_DG_lifespan,Br8851(1).jpg,1,11_v_ADR,**_*_***,**_*_***,**_*_***,**_*_***,Visium_HPC_Round3_20220707_Master_ADR.xlsx,,,,,11v-ADR_S22_L00*,,,,,"Anthony Ramnauth",,,,,SI-TT-F1,SI-TT-**,SI-TT-**,SI-TT-**,SI-TT-**,,2,human,Br5699,HPC,N,N,S,spatial_DG_lifespan,Br5699.jpg,1,12_v_ADR,**_*_***,**_*_***,**_*_***,**_*_***,Visium_HPC_Round3_20220707_Master_ADR.xlsx,,,,,12v-ADR_S23_L00*,,,,,"Anthony Ramnauth",,,,,SI-TT-G1,SI-TT-**,SI-TT-**,SI-TT-**,SI-TT-**,,2,human,Br6299,HPC,N,N,S,spatial_DG_lifespan,Br6299(1).jpg,1,visium,,,,,2022-08-04,,,,,10_v_ADR,**_*_***,**_*_***,**_*_***,**_*_***,Visium_HPC_Round3_20220707_Master_ADR.xlsx,,,,,10v-ADR_S21_L00*,,,,,"Anthony Ramnauth",,,,,SI-TT-E1,SI-TT-**,SI-TT-**,SI-TT-**,SI-TT-**,TCCGGGACAA,,,,,GTGAATGCCA,,,,,TGGCATTCAC,,,,,,2
15,2022-06-02,,V11U08-082,HE,Reg,CS2,,,,,,,,,,,,,,,,,,,,,,,,,,,,,,,,,,Br8325_40X,tif,,,,,,,,,,,,,,,,,,,,,,,,,,,,,,,,,,,,,,,,,,,,,,,,,,,,,,,,,,,,,,,,,,,,,,,IMG_0439.JPG,"Svitlana Bach",,,0,human,8325,NAC,N,N,S,4125,IMG_0439.JPG,1,1v_svb,**_*_***,**_*_***,**_*_***,**_*_***,Visium_NAc_Round1_060322_SVB-complete_info,,,,,,,,,,"Svitlana Bach",,,,,SI-TT-D9,SI-TT-**,SI-TT-**,SI-TT-**,SI-TT-**,"Stephanie Page",0,human,8325,NAC,N,N,S,4125,IMG_0439.JPG,1,2v_svb,**_*_***,**_*_***,**_*_***,**_*_***,Visium_NAc_Round1_060322_SVB-complete-info,,,,,,,,,,"Svitlana Bach",,,,,SI-TT-E9,SI-TT-**,SI-TT-**,SI-TT-**,SI-TT-**,"Stephanie Page",0,human,8325,NAC,N,N,S,4125,IMG_0439.JPG,1,3v_svb,**_*_***,**_*_***,**_*_***,**_*_***,Visium_NAc_Round1_060322_SVB-complete_info,,,,,,,,,,"Svitlana Bach",,,,,SI-TT-F9,SI-TT-**,SI-TT-**,SI-TT-**,SI-TT-**,"Stephanie Page",0,human,8325,NAC,N,N,S,4125,IMG_0439.JPG,1,4v_svb,**_*_***,**_*_***,**_*_***,**_*_***,Visium_NAc_Round1_060322_SVB-complete_info,,,,,,,,,,"Svitlana Bach",,,,,SI-TT-G9,SI-TT-**,SI-TT-**,SI-TT-**,SI-TT-**,"Stephanie Page",0,,,,,,,,,,,,,,,,,,,,,,,,,,,,,,,,,,,,,,,,,,,,,,,,,,,,,,,,,,,,,0
16,2022-06-02,,V11U08-083,HE,Reg,CS2,,,,,,,,,,,,,,,,,,,,,,,,,,,,,,,,,,Br8492_40X,tif,,,,,,,,,,,,,,,,,,,,,,,,,,,,,,,,,,,,,,,,,,,,,,,,,,,,,,,,,,,,,,,,,,,,,,,IMG_0472.JPG,"Svitlana Bach ",,,0,human,8492,NAC,N,N,S,4125,IMG_0472.JPG,1,5v_svb,**_*_***,**_*_***,**_*_***,**_*_***,Visium_NAc_Round1_060322_SVB-complete_info,,,,,,,,,,"Svitlana Bach ",,,,,SI-TT-H9,SI-TT-**,SI-TT-**,SI-TT-**,SI-TT-**,"Stephanie Page",0,human,8492,NAC,N,N,S,4125,IMG_0472.JPG,1,6v_svb,**_*_***,**_*_***,**_*_***,**_*_***,Visium_NAc_Round1_060322_SVB-complete_info,,,,,,,,,,"Svitlana Bach",,,,,SI-TTA10,SI-TT-**,SI-TT-**,SI-TT-**,SI-TT-**,"Stephanie Page",0,human,8492,NAC,N,N,S,4125,IMG_0472.JPG,1,7v_svb,**_*_***,**_*_***,**_*_***,**_*_***,Visium_NAc_Round1_060322_SVB-complete_info,,,,,,,,,,"Svitlana Bach",,,,,SI-TTB10,SI-TT-**,SI-TT-**,SI-TT-**,SI-TT-**,"Stephanie Page ",0,human,8492,NAC,N,N,S,4125,IMG_0472.JPG,1,8v_svb,**_*_***,**_*_***,**_*_***,**_*_***,Visium_NAc_Round1_060322_SVB-complete_info,,,,,,,,,,"Svitlana Bach",,,,,SI-TTC10,SI-TT-**,SI-TT-**,SI-TT-**,SI-TT-**,"Stephanie Page",0,,,,,,,,,,,,,,,,,,,,,,,,,,,,,,,,,,,,,,,,,,,,,,,,,,,,,,,,,,,,,0
17,2022-06-24,,V11U23-406,HE,Reg,CS2,,,,,,,,,,,,,,,,,,,,,,,,,,,,,,,,,,Br6471andBr8667_40X_Visiumslide,tif,,,,,,,,,,,,,,,,,,,,,,,,,,,,,,,,,,,,,,,,,,,,,,,,,,,,,,,,,,,,,,,,,,,,,,,IMG_0598.HEIC,"Svitlana Bach ",,,0,human,6471,NAC,N,N,S,4125,IMG_0591.HEIC,1,9v_svb,**_*_***,**_*_***,**_*_***,**_*_***,Visium_NAc_Round2_062622_SVB-complete_info,,,,,,,,,,"Svitlana Bach",,,,,SI-TTD10,SI-TT-**,SI-TT-**,SI-TT-**,SI-TT-**,"Stephanie Page",0,human,6471,NAC,N,N,S,4125,IMG_0591.HEIC,1,10v_svb,**_*_***,**_*_***,**_*_***,**_*_***,Visium_NAc_Round2_062622_SVB-complete_info,,,,,,,,,,"Svitlana Bach",,,,,SI-TTE10,SI-TT-**,SI-TT-**,SI-TT-**,SI-TT-**,"Stephanie Page",0,human,8667,NAC,N,N,S,4125,IMG_0598.HEIC,1,11v_svb,**_*_***,**_*_***,**_*_***,**_*_***,Visium_NAc_Round2_062622_SVB-complete_info,,,,,,,,,,"Svitlana Bach",,,,,SI-TTF10,SI-TT-**,SI-TT-**,SI-TT-**,SI-TT-**,"Stephanie Page",0,human,8667,NAC,N,N,S,4125,IMG_0598.HEIC,1,12v_svb,**_*_***,**_*_***,**_*_***,**_*_***,Visium_NAc_Round2_062622_SVB-complete_info,,,,,,,,,,"Svitlana Bach",,,,,SI-TTG10,SI-TT-**,SI-TT-**,SI-TT-**,SI-TT-**,"Stephanie Page",0,,,,,,,,,,,,,,,,,,,,,,,,,,,,,,,,,,,,,,,,,,,,,,,,,,,,,,,,,,,,,0
18,2022-06-24,,V11U23-404,HE,Reg,CS2,,,,,,,,,,,,,,,,,,,,,,,,,,,,,,,,,,Br2720_40X_Visiumslide,tif,,,,,,,,,,,,,,,,,,,,,,,,,,,,,,,,,,,,,,,,,,,,,,,,,,,,,,,,,,,,,,,,,,,,,,,IMG_1326.HEIC,"Svitlana Bach ",,,0,human,2720,NAC,N,N,S,4125,IMG_1326.HEIC,1,13v_svb,**_*_***,**_*_***,**_*_***,**_*_***,Visium_NAc_Round2_062622_SVB-complete_info,,,,,,,,,,"Svitlana Bach",,,,,SI-TTH10,SI-TT-**,SI-TT-**,SI-TT-**,SI-TT-**,"Stephanie Page",0,human,2720,NAC,N,N,S,4125,IMG_1326.HEIC,1,14v_svb,**_*_***,**_*_***,**_*_***,**_*_***,Visium_NAc_Round2_062622_SVB-complete_info,,,,,,,,,,"Svitlana Bach",,,,,SI-TTA11,SI-TT-**,SI-TT-**,SI-TT-**,SI-TT-**,"Stephanie Page",0,human,2720,NAC,N,N,S,4125,IMG_1326.HEIC,1,15v_svb,**_*_***,**_*_***,**_*_***,**_*_***,Visium_NAc_Round2_062622_SVB-complete_info,,,,,,,,,,"Svitlana Bach",,,,,SI-TTB11,SI-TT-**,SI-TT-**,SI-TT-**,SI-TT-**,"Stephanie Page ",0,human,2720,NAC,N,N,S,4125,IMG_1326.HEIC,1,16v_svb,**_*_***,**_*_***,**_*_***,**_*_***,Visium_NAc_Round2_062622_SVB-complete_info,,,,,,,,,,"Svitlana Bach",,,,,SI-TTC11,SI-TT-**,SI-TT-**,SI-TT-**,SI-TT-**,"Stephanie Page",0,,,,,,,,,,,,,,,,,,,,,,,,,,,,,,,,,,,,,,,,,,,,,,,,,,,,,,,,,,,,,0
19,2022-07-27,,V11U23-403,HE,Reg,CS2,,,,,,,,,,,,,,,,,,,,,,,,,,,,,,,,,,Br6423_40X-403,tif,,,,,,,,,,,,,,,,,,,,,,,,,,,,,,,,,,,,,,,,,,,,,,,,,,,,,,,,,,,,,,,,,,,,,,,IMG_2596.JPG,"Svitlana Bach",,,0,human,6423,NAC,N,N,S,4125,IMG_2596.JPG,0,**_*_***,**_*_***,**_*_***,**_*_***,**_*_***,,,,,,,,,,,,,,,,SI-TT-**,SI-TT-**,SI-TT-**,SI-TT-**,SI-TT-**,"Stephanie Page ",0,human,6423,NAC,N,N,S,4125,IMG_2596.JPG,0,**_*_***,**_*_***,**_*_***,**_*_***,**_*_***,,,,,,,,,,,,,,,,SI-TT-**,SI-TT-**,SI-TT-**,SI-TT-**,SI-TT-**,"Stephanie Page",0,human,6423,NAC,N,N,S,4125,IMG_2596.JPG,0,**_*_***,**_*_***,**_*_***,**_*_***,**_*_***,,,,,,,,,,,,,,,,SI-TT-**,SI-TT-**,SI-TT-**,SI-TT-**,SI-TT-**,"Stephanie Page",0,human,6423,NAC,N,N,S,4125,IMG_2596.JPG,0,**_*_***,**_*_***,**_*_***,**_*_***,**_*_***,,,,,,,,,,,,,,,,SI-TT-**,SI-TT-**,SI-TT-**,SI-TT-**,SI-TT-**,"Stephanie Page",0,,,,,,,,,,,,,,,,,,,,,,,,,,,,,,,,,,,,,,,,,,,,,,,,,,,,,,,,,,,,,0
20,2022-07-27,,V11U23-405,HE,Reg,CS2,,,,,,,,,,,,,,,,,,,,,,,,,,,,,,,,,,Br6522_40X-405,tif,,,,,,,,,,,,,,,,,,,,,,,,,,,,,,,,,,,,,,,,,,,,,,,,,,,,,,,,,,,,,,,,,,,,,,,IMG_2560.JPG,"Svitlana Bach",,,0,human,6522,NAC,N,N,S,4125,IMG_2560.JPG,0,**_*_***,**_*_***,**_*_***,**_*_***,**_*_***,,,,,,,,,,,,,,,,SI-TT-**,SI-TT-**,SI-TT-**,SI-TT-**,SI-TT-**,"Stephanie Page ",0,human,6522,NAC,N,N,S,4125,IMG_2560.JPG,0,**_*_***,**_*_***,**_*_***,**_*_***,**_*_***,,,,,,,,,,,,,,,,SI-TT-**,SI-TT-**,SI-TT-**,SI-TT-**,SI-TT-**,"Stephanie Page ",0,human,6522,NAC,N,N,S,4125,IMG_2560.JPG,0,**_*_***,**_*_***,**_*_***,**_*_***,**_*_***,,,,,,,,,,,,,,,,SI-TT-**,SI-TT-**,SI-TT-**,SI-TT-**,SI-TT-**,"Stephanie Page",0,human,6522,NAC,N,N,S,4125,IMG_2560.JPG,0,**_*_***,**_*_***,**_*_***,**_*_***,**_*_***,,,,,,,,,,,,,,,,SI-TT-**,SI-TT-**,SI-TT-**,SI-TT-**,SI-TT-**,"Stephanie Page",0,,,,,,,,,,,,,,,,,,,,,,,,,,,,,,,,,,,,,,,,,,,,,,,,,,,,,,,,,,,,,0
21,2022-08-10,,V11D01-385,HE,Reg,CS2,,,,,,,,,,,,,,,,,,,,,,,,,,,,,,,,,,Slide385_40X_snapshot,tif,,,,,,,,,,,,,,,,,,,,,,,,,,,,,,,,,,,,,,,,,,,,,,,,,,,,,,,,,,,,,,,,,,,,,,,IMG_3052.JPG,"Svitlana Bach",,,0,human,3942,NAC,N,N,S,4125,IMG_3052.JPG,0,**_*_***,**_*_***,**_*_***,**_*_***,**_*_***,,,,,,,,,,,,,,,,SI-TT-**,SI-TT-**,SI-TT-**,SI-TT-**,SI-TT-**,"Stephanie Page",0,human,3942,NAC,N,N,S,4125,IMG_3052.JPG,0,**_*_***,**_*_***,**_*_***,**_*_***,**_*_***,,,,,,,,,,,,,,,,SI-TT-**,SI-TT-**,SI-TT-**,SI-TT-**,SI-TT-**,"Stephanie Page",0,human,3942,NAC,N,N,S,4125,IMG_3052.JPG,0,**_*_***,**_*_***,**_*_***,**_*_***,**_*_***,,,,,,,,,,,,,,,,SI-TT-**,SI-TT-**,SI-TT-**,SI-TT-**,SI-TT-**,"Stephanie Page",0,human,3942,NAC,N,N,S,4125,IMG_3052.JPG,0,**_*_***,**_*_***,**_*_***,**_*_***,**_*_***,,,,,,,,,,,,,,,,SI-TT-**,SI-TT-**,SI-TT-**,SI-TT-**,SI-TT-**,"Stephanie Page ",0,,,,,,,,,,,,,,,,,,,,,,,,,,,,,,,,,,,,,,,,,,,,,,,,,,,,,,,,,,,,,0
22,2022-08-10,,V11D01-386,HE,Reg,CS2,,,,,,,,,,,,,,,,,,,,,,,,,,,,,,,,,,Slide386_40X_snapshot,tif,,,,,,,,,,,,,,,,,,,,,,,,,,,,,,,,,,,,,,,,,,,,,,,,,,,,,,,,,,,,,,,,,,,,,,,IMG_3052.JPG,"Svitlana Bach",,,0,human,2743,NAC,N,N,S,4125,IMG_3245.JPG,0,**_*_***,**_*_***,**_*_***,**_*_***,**_*_***,,,,,,,,,,,,,,,,SI-TT-**,SI-TT-**,SI-TT-**,SI-TT-**,SI-TT-**,"Stephanie Page",0,human,2743,NAC,N,N,S,4125,IMG_3245.JPG,0,**_*_***,**_*_***,**_*_***,**_*_***,**_*_***,,,,,,,,,,,,,,,,SI-TT-**,SI-TT-**,SI-TT-**,SI-TT-**,SI-TT-**,"Stephanie Page",0,human,3942,NAC,N,N,S,4125,IMG_3052.JPG,0,**_*_***,**_*_***,**_*_***,**_*_***,**_*_***,,,,,,,,,,,,,,,,SI-TT-**,SI-TT-**,SI-TT-**,SI-TT-**,SI-TT-**,"Stephanie Page",0,human,8325,NAC,N,N,S,4125,IMG_3248.JPG,0,**_*_***,**_*_***,**_*_***,**_*_***,**_*_***,,,,,,,,,,,,,,,,SI-TT-**,SI-TT-**,SI-TT-**,SI-TT-**,SI-TT-**,"Stephanie Page ",0,,,,,,,,,,,,,,,,,,,,,,,,,,,,,,,,,,,,,,,,,,,,,,,,,,,,,,,,,,,,,0
23,2022-08-22,,V12F14-051,HE,Reg,CS2,,,,,,,,,,,,,,,,,,,,,,,,,,,,,,,,,,V12F14-051,tif,,,,,,,,,,,,,,,,,,,,,,,,,,,,,,,,,,,,,,,,,,,,,,,,,,,,,,,,,,,,,,,,,,,,,,,,"Stephanie Page",,,2,human,Br2720,HPC,N,TL,S,spatialHPC_LIBD4035,,1,**_*_***,**_*_***,**_*_***,**_*_***,**_*_***,Visium_HPC_Round9_Master_SCP.xlsx,,,,,33v-10,,,,,"Stephanie Page",,,,,SI-TT-D3,SI-TT-**,SI-TT-**,SI-TT-**,SI-TT-**,"Stephanie Page",2,human,Br2720,HPC,N,TR,S,spatialHPC_LIBD4035,,1,**_*_***,**_*_***,**_*_***,**_*_***,**_*_***,Visium_HPC_Round9_Master_SCP.xlsx,,,,,34v_scp,,,,,"Stephanie Page",,,,,SI-TT-d7,SI-TT-**,SI-TT-**,SI-TT-**,SI-TT-**,,0,human,Br2720,HPC,N,BR,S,spatialHPC_LIBD4035,,1,,**_*_***,**_*_***,**_*_***,**_*_***,Visium_HPC_Round9_Master_SCP.xlsx,,,,,35v_scp,,,,,"Stephanie Page",,,,,SI-TT-E7,SI-TT-**,SI-TT-**,SI-TT-**,SI-TT-**,,0,human,Br2720,HPC,N,BL,S,spatialHPC_LIBD4035,,1,**_*_***,**_*_***,**_*_***,**_*_***,**_*_***,Visium_HPC_Round9_Master_SCP,,,,,36v_scp,,,,,"STephanie Page",,,,,SI-TT-F7,SI-TT-**,SI-TT-**,SI-TT-**,SI-TT-**,,0,,,,,,,,,1,,,,,,,,,,,**_*_***,**_*_***,**_*_***,**_*_***,**_*_***,,,,,,,,,,,,,,,,SI-TT-**,SI-TT-**,SI-TT-**,SI-TT-**,SI-TT-**,,,,,,,,,,,,,,,,,0
24,,,V12N28-331,HE,Reg,CS2,,,,,,,,,,,,,,,,,,,,,,,,,,,,,,,,,,,tif,,,,,,,,,,,,,,,,,,,,,,,,,,,,,,,,,,,,,,,,,,,,,,,,,,,,,,,,,,,,,,,,,,,,,,,,,,,0,human,Br2720,,1,N,S,spatialdACC_LIBD4125,,1,**_*_***,**_*_***,**_*_***,**_*_***,**_*_***,,,,,,,,,,,,,,,,SI-TT-**,SI-TT-**,SI-TT-**,SI-TT-**,SI-TT-**,,0,human,Br6432,,1,N,S,spatialdACC_LIBD4125,,1,**_*_***,**_*_***,**_*_***,**_*_***,**_*_***,,,,,,,,,,,,,,,,SI-TT-**,SI-TT-**,SI-TT-**,SI-TT-**,SI-TT-**,,0,human,Br6471,,1,N,S,spatialdACC_LIBD4125,,1,**_*_***,**_*_***,**_*_***,**_*_***,**_*_***,,,,,,,,,,,,,,,,SI-TT-**,SI-TT-**,SI-TT-**,SI-TT-**,SI-TT-**,,0,human,Br6522,,1,N,S,spatialdACC_LIBD4125,,1,**_*_***,**_*_***,**_*_***,**_*_***,**_*_***,,,,,,,,,,,,,,,,SI-TT-**,SI-TT-**,SI-TT-**,SI-TT-**,SI-TT-**,,0,,,,,,,,,,,,,,,,,,,,**_*_***,**_*_***,**_*_***,**_*_***,**_*_***,,,,,,,,,,,,,,,,SI-TT-**,SI-TT-**,SI-TT-**,SI-TT-**,SI-TT-**,,,,,,,,,,,,,,,,,0
25,,,V12J03-002,HE,Reg,CS2,,,,,,,,,,,,,,,,,,,,,,,,,,,,,,,,,,,,,,,,,,,,,,,,,,,,,,,,,,,,,,,,,,,,,,,,,,,,,,,,,,,,,,,,,,,,,,,,,,,,,,,,,,,,,,0,human,Br2720,dACC,2,N,S,spatialdACC_LIBD4125,,1,**_*_***,**_*_***,**_*_***,**_*_***,**_*_***,,,,,,,,,,,,,,,,SI-TT-**,SI-TT-**,SI-TT-**,SI-TT-**,SI-TT-**,,0,human,Br6432,,2,N,S,spatialdACC_LIBD4125,,1,**_*_***,**_*_***,**_*_***,**_*_***,**_*_***,,,,,,,,,,,,,,,,SI-TT-**,SI-TT-**,SI-TT-**,SI-TT-**,SI-TT-**,,0,human,Br6471,,2,N,S,spatialdACC_LIBD4125,,1,**_*_***,**_*_***,**_*_***,**_*_***,**_*_***,,,,,,,,,,,,,,,,SI-TT-**,SI-TT-**,SI-TT-**,SI-TT-**,SI-TT-**,,0,human,Br6522,,2,N,S,spatialdACC_LIBD4125,,1,**_*_***,**_*_***,**_*_***,**_*_***,**_*_***,,,,,,,,,,,,,,,,SI-TT-**,SI-TT-**,SI-TT-**,SI-TT-**,SI-TT-**,,0,,,,,,,,,,,,,,,,,,,,,,,,,,,,,,,,,,,,,,,,,,,,,,,,,,,,,,,,,,,,,0
26,,,V12N28-332,HE,Reg,CS2,,,,,,,,,,,,,,,,,,,,,,,,,,,,,,,,,,,tif,,,,,,,,,,,,,,,,,,,,,,,,,,,,,,,,,,,,,,,,,,,,,,,,,,,,,,,,,,,,,,,,,,,,,,,,,,,0,human,Br2720,,3,N,S,spatialdACC_LIBD4125,,1,**_*_***,**_*_***,**_*_***,**_*_***,**_*_***,,,,,,,,,,,,,,,,SI-TT-**,SI-TT-**,SI-TT-**,SI-TT-**,SI-TT-**,,0,human,Br6432,,3,N,S,spatialdACC_LIBD4125,,1,**_*_***,**_*_***,**_*_***,**_*_***,**_*_***,,,,,,,,,,,,,,,,SI-TT-**,SI-TT-**,SI-TT-**,SI-TT-**,SI-TT-**,,0,human,Br6471,,3,N,S,spatialdACC_LIBD4125,,1,**_*_***,**_*_***,**_*_***,**_*_***,**_*_***,,,,,,,,,,,,,,,,SI-TT-**,SI-TT-**,SI-TT-**,SI-TT-**,SI-TT-**,,0,human,Br6522,,3,N,S,spatialdACC_LIBD4125,,1,**_*_***,**_*_***,**_*_***,**_*_***,**_*_***,,,,,,,,,,,,,,,,SI-TT-**,SI-TT-**,SI-TT-**,SI-TT-**,SI-TT-**,,0,,,,,,,,,,,,,,,,,,,,,,,,,,,,,,,,,,,,,,,,,,,,,,,,,,,,,,,,,,,,,0
27,,,V12N28-334,HE,Reg,CS2,,,,,,,,,,,,,,,,,,,,,,,,,,,,,,,,,,,tif,,,,,,,,,,,,,,,,,,,,,,,,,,,,,,,,,,,,,,,,,,,,,,,,,,,,,,,,,,,,,,,,,,,,,,,,,,,0,human,Br3942,,1,N,S,spatialdACC_LIBD4125,,1,**_*_***,**_*_***,**_*_***,**_*_***,**_*_***,,,,,,,,,,,,,,,,SI-TT-**,SI-TT-**,SI-TT-**,SI-TT-**,SI-TT-**,,0,human,Br8492,,1,N,S,spatialdACC_LIBD4125,,1,**_*_***,**_*_***,**_*_***,**_*_***,**_*_***,,,,,,,,,,,,,,,,SI-TT-**,SI-TT-**,SI-TT-**,SI-TT-**,SI-TT-**,,0,human,Br2743,,1,N,S,spatialdACC_LIBD4125,,1,**_*_***,**_*_***,**_*_***,**_*_***,**_*_***,,,,,,,,,,,,,,,,SI-TT-**,SI-TT-**,SI-TT-**,SI-TT-**,SI-TT-**,,0,human,Br6423,,1,N,S,spatialdACC_LIBD4125,,1,**_*_***,**_*_***,**_*_***,**_*_***,**_*_***,,,,,,,,,,,,,,,,SI-TT-**,SI-TT-**,SI-TT-**,SI-TT-**,SI-TT-**,,0,,,,,,,,,,,,,,,,,,,,,,,,,,,,,,,,,,,,,,,,,,,,,,,,,,,,,,,,,,,,,0
28,,,V12Y31-080,HE,Reg,CS2,,,,,,,,,,,,,,,,,,,,,,,,,,,,,,,,,,,tif,,,,,,,,,,,,,,,,,,,,,,,,,,,,,,,,,,,,,,,,,,,,,,,,,,,,,,,,,,,,,,,,,,,,,,,,,,,0,human,Br6197,HYP,1,N,S,LIBD4195,,1,**_*_***,**_*_***,**_*_***,**_*_***,**_*_***,,,,,,,,,,,,,,,,SI-TT-**,SI-TT-**,SI-TT-**,SI-TT-**,SI-TT-**,,0,human,Br8667,,N,N,S,spatialdACC_LIBD4125,,1,**_*_***,**_*_***,**_*_***,**_*_***,**_*_***,,,,,,,,,,,,,,,,SI-TT-**,SI-TT-**,SI-TT-**,SI-TT-**,SI-TT-**,,0,human,Br8325,,N,N,S,spatialdACC_LIBD4125,,1,**_*_***,**_*_***,**_*_***,**_*_***,**_*_***,,,,,,,,,,,,,,,,SI-TT-**,SI-TT-**,SI-TT-**,SI-TT-**,SI-TT-**,,0,human,Br8325,,N,N,S,spatialdACC_LIBD4125,,1,**_*_***,**_*_***,**_*_***,**_*_***,**_*_***,,,,,,,,,,,,,,,,SI-TT-**,SI-TT-**,SI-TT-**,SI-TT-**,SI-TT-**,,0,,,,,,,,,,,,,,,,,,,,,,,,,,,,,,,,,,,,,,,,,,,,,,,,,,,,,,,,,,,,,0
29,,,V12J03-002,HE,Reg,CS2,,,,,,,,,,,,,,,,,,,,,,,,,,,,,,,,,,,tif,,,,,,,,,,,,,,,,,,,,,,,,,,,,,,,,,,,,,,,,,,,,,,,,,,,,,,,,,,,,,,,,,,,,,,,,,,,0,,,,,,,,,,,,,,,,,,,,,,,,,,,,,,,,,,,,0,,,,,,,,,,,,,,,,,,,,,,,,,,,,,,,,,,,,0,,,,,,,,,,,,,,,,,,,,,,,,,,,,,,,,,,,,0,,,,,,,,,,,,,,,,,,,,,,,,,,,,,,,,,,,,0,,,,,,,,,,,,,,,,,,,,,,,,,,,,,,,,,,,,,,,,,,,,,,,,,,,,,,,,,,,,,0
30,,,V12D05-348,HE,Reg,Other,,,,,,,,,,,,,,,,,,,,,,,,,,,,,,,,,,,tif,,,,,,,,,,,,,,,,,,,,,,,,,,,,,,,,,,,,,,,,,,,,,,,,,,,,,,,,,,,,,,,,,,,,,,,,,,,0,human,Br8331,AMY,1,N,S,LIBD1070,,1,**_*_***,**_*_***,**_*_***,**_*_***,**_*_***,,,,,,,,,,,,,,,,SI-TT-**,SI-TT-**,SI-TT-**,SI-TT-**,SI-TT-**,,0,mouse,Mouse1,AMY,1,N,S,LIBD1070,,1,**_*_***,**_*_***,**_*_***,**_*_***,**_*_***,,,,,,,,,,,,,,,,SI-TT-**,SI-TT-**,SI-TT-**,SI-TT-**,SI-TT-**,,0,human,Br8741,HYP,1,N,S,LIBD4195,,1,**_*_***,**_*_***,**_*_***,**_*_***,**_*_***,,,,,,,,,,,,,,,,SI-TT-**,SI-TT-**,SI-TT-**,SI-TT-**,SI-TT-**,,0,human,Br6588,HYP,1,N,S,LIBD4195,,1,**_*_***,**_*_***,**_*_***,**_*_***,**_*_***,,,,,,,,,,,,,,,,SI-TT-**,SI-TT-**,SI-TT-**,SI-TT-**,SI-TT-**,,0,mouse," =",,N,N,S,LIBD1070,,,,,,,,,,,,,**_*_***,**_*_***,**_*_***,**_*_***,**_*_***,,,,,,,,,,,,,,,,SI-TT-**,SI-TT-**,SI-TT-**,SI-TT-**,SI-TT-**,,,,,,,,,,,,,,,,,0
31,,,V12D05-350,HE,Reg,Other,,,,,,,,,,,,,,,,,,,,,,,,,,,,,,,,,,,tif,,,,,,,,,,,,,,,,,,,,,,,,,,,,,,,,,,,,,,,,,,,,,,,,,,,,,,,,,,,,,,,,,,,,,,,,,,,0,human,Br8331,AMY,2,N,S,LIBD1070,,,**_*_***,**_*_***,**_*_***,**_*_***,**_*_***,,,,,,,,,,,,,,,,SI-TT-**,SI-TT-**,SI-TT-**,SI-TT-**,SI-TT-**,LIBD1070,0,mouse,Mouse1,AMY,2,N,S,LIBD1070,,,**_*_***,**_*_***,**_*_***,**_*_***,**_*_***,,,,,,,,,,,,,,,,SI-TT-**,SI-TT-**,SI-TT-**,SI-TT-**,SI-TT-**,,0,human,Br8741,HYP,2,N,S,LIBD4195,,,**_*_***,**_*_***,**_*_***,**_*_***,**_*_***,,,,,,,,,,,,,,,,SI-TT-**,SI-TT-**,SI-TT-**,SI-TT-**,SI-TT-**,,0,human,Br6588,HYP,2,N,S,LIBD4195,,,**_*_***,**_*_***,**_*_***,**_*_***,**_*_***,,,,,,,,,,,,,,,,SI-TT-**,SI-TT-**,SI-TT-**,SI-TT-**,SI-TT-**,,0,,,,,,,,,,,,,,,,,,,,**_*_***,**_*_***,**_*_***,**_*_***,**_*_***,,,,,,,,,,,,,,,,SI-TT-**,SI-TT-**,SI-TT-**,SI-TT-**,SI-TT-**,,,,,,,,,,,,,,,,,0
32,,,V12D07-075,HE,Reg,CS2,,,,,,,,,,,,,,,,,,,,,,,,,,,,,,,,,,,tif,,,,,,,,,,,,,,,,,,,,,,,,,,,,,,,,,,,,,,,,,,,,,,,,,,,,,,,,,,,,,,,,,,,,,,,,,,,0,human,Br5993,HYP,1,N,S,LIBD4195,,1,**_*_***,**_*_***,**_*_***,**_*_***,**_*_***,,,,,,,,,,,,,,,,SI-TT-**,SI-TT-**,SI-TT-**,SI-TT-**,SI-TT-**,,0,human,Br5459,HYP,1,N,S,LIBD4195,,1,**_*_***,**_*_***,**_*_***,**_*_***,**_*_***,,,,,,,,,,,,,,,,SI-TT-**,SI-TT-**,SI-TT-**,SI-TT-**,SI-TT-**,,0,,,,,,,,,,,,,,,,,,,,,,,,,,,,,,,,,,,,0,human,Br1735,HYP,1,N,S,LIBD4195,,1,**_*_***,**_*_***,**_*_***,**_*_***,**_*_***,,,,,,,,,,,,,,,,SI-TT-**,SI-TT-**,SI-TT-**,SI-TT-**,SI-TT-**,,0,,,,,,,,,,,,,,,,,,,,,,,,,,,,,,,,,,,,,,,,,,,,,,,,,,,,,,,,,,,,,0
33,2023-05-17,,V12D07-332,IF,Reg,Polaris,,,,,,,,,,,,,,,,,,,,,,,,,,,,,,,,,,20230517_VSPG_HPC_Round1_Scan2.qptiff,other,NeuN,TMEM119,GFAP,OLIG2,,"Donkey anti-rabbit AF555","Donkey anti-rat AF594","donkey anti-goat AF647",DAPI,,Sigma,Sigma,Thermofisher,"R&D Systems",,Thermofisher,Thermofisher,Thermofisher,,,MAB377X,HPA051870,13-0300,AF2418,,A-31572,A-21209,A-21447,,,mouse,rabbit,rat,goat,,donkey,donkey,donkey,,,NeuN,TMEM119,GFAP,OLIG2,,rabbit,rat,goat,,,1:100,1:20,1:100,1:20,,1:300,1:600,1:400,1:100,,488,,,,,AF555,AF594,AF647,,,IMG_0720.jpg,"Stephanie Page",,,0,human,Br3492,HPC,N,TL,S,4035,IMG_0720.jpg,1,51v_hpc,**_*_***,**_*_***,**_*_***,**_*_***,VSPG_HPC_20230524,,,,,51v_hpc,,,,,SCP,,,,,SI-TT-E3,,,,,"Stephanie Page",0,human,3942,HPC,N,BR,S,4035,,1,52v_hpc,**_*_***,**_*_***,**_*_***,**_*_***,VSPG_HPC_20230524,,,,,52v_hpc,,,,,SCP,,,,,SI-TT-F3,SI-TT-**,SI-TT-**,SI-TT-**,SI-TT-**,"stephanie page",0,human,3942,HPC,N,BL,S,4035,,1,53v_hpc,**_*_***,**_*_***,**_*_***,**_*_***,VSPG_HPC_20230524,,,,,,,,,,SCP,,,,,SI-TT-G3,SI-TT-**,SI-TT-**,SI-TT-**,SI-TT-**,"Stephanie Page",0,human,3942,HPC,N,TR,S,4035,,1,54v_hpc,**_*_***,**_*_***,**_*_***,**_*_***,VSPG_HPC_20230524,,,,,,,,,,SCP,,,,,SI-TT-H3,SI-TT-**,SI-TT-**,SI-TT-**,SI-TT-**,"Stephanie Page",0,,,,,,,,,,,,,,,,,,,,**_*_***,**_*_***,**_*_***,**_*_***,**_*_***,,,,,,,,,,,,,,,,SI-TT-**,SI-TT-**,SI-TT-**,SI-TT-**,SI-TT-**,,,,,,,,,,,,,,,,,0
34,2023-05-18,,V12D07-335,IF,Reg,Polaris,,,,,,,,,,,,,,,,,,,,,,,,,,,,,,,,,,20230518_VSPG_HPC_Round2_Scan2.qptiff,other,Neun,TMEM119,GFAP,OLIG2,,"donkey anti-rabbit AF555","donkey anti-rat AF594","donkey anti-goat AF647",DAPI,,Sigma,Sigma,Thermofisher,"R&D systems",,Thermofisher,Thermofisher,Thermofisher,,,MAB377X,HPA051870,13-0300,AF2418,,A-31572,A-21209,A-21447,,,mouse,rabbit,rat,goat,,donkey,donkey,donkey,,,NeuN,TMEM119,GFAP,OLIG2,,rabbit,rat,goat,,,1:100,1:20,1:100,1:20,,1:300,1:600,1:400,1:100,,488,,,,,AF555,AF594,AF647,,,IMG_0721.jpg,"Stephanie Page",,,0,,Br8325,HPC,N,BR,S,4035,,1,55v_hpc,**_*_***,**_*_***,**_*_***,**_*_***,VSPG_HPC_20230524,,,,,,,,,,SCP,,,,,SI-TT-B4,SI-TT-**,SI-TT-**,SI-TT-**,SI-TT-**,"Stephanie Page",0,,Br8325,HPC,N,TL,,4035,,1,56v_hpc,**_*_***,**_*_***,**_*_***,**_*_***,VSPG_HPC_20230524,,,,,,,,,,,,,,,SI-TT-C4,SI-TT-**,SI-TT-**,SI-TT-**,SI-TT-**,"Stephanie Page",0,human,Br8325,HPC,N,BL,S,4035,,1,57v_hpc,**_*_***,**_*_***,**_*_***,**_*_***,VSPG_HPC_20230524,,,,,,,,,,SCP,,,,,SI-TT-D4,SI-TT-**,SI-TT-**,SI-TT-**,SI-TT-**,,0,,8325,HPC,N,TR,S,4035,,1,58v_hpc,**_*_***,**_*_***,**_*_***,**_*_***,VSPG_HPC_20230524,,,,,,,,,,SCP,,,,,SI-TT-E4,SI-TT-**,SI-TT-**,SI-TT-**,SI-TT-**,"Stephanie Page",0,,,,,,,,,,,,,,,,,,,,**_*_***,**_*_***,**_*_***,**_*_***,**_*_***,,,,,,,,,,,,,,,,SI-TT-**,SI-TT-**,SI-TT-**,SI-TT-**,SI-TT-**,,,,,,,,,,,,,,,,,0
35,2023-02-22,,V12D07-074,HE,Reg,CS2,,,,,,,,,,,,,,,,,,,,,,,,,,,,,,,,,,V12D07-074_40X,tif,,,,,,,,,,,,,,,,,,,,,,,,,,,,,,,,,,,,,,,,,,,,,,,,,,,,,,,,,,,,,,,,,,,,,,,V12D07-074_20X_snap.tif,"Svitlana Bach",,,0,human,Br2720,NAC,N,N,S,LIBD4125,IMG_8137.jpg,1,Nac_2720,**_*_***,**_*_***,**_*_***,**_*_***,2023.02.22_Br2720_NAc_reVisium_summary_sheet.xlsx,,,,,V12D07-074_A1,,,,,"Svitlana Bach",,,,,SI-TT-A1,SI-TT-**,SI-TT-**,SI-TT-**,SI-TT-**,,0,human,Br2720,NAC,N,N,S,LIBD4125,IMG_8137.jpg,1,Nac_2720,**_*_***,**_*_***,**_*_***,**_*_***,2023.02.22_Br2720_NAc_reVisium_summary_sheet.xlsx,,,,,V12D07-074_B1,,,,,"Svitlana Bach",,,,,SI-TT-G1,SI-TT-**,SI-TT-**,SI-TT-**,SI-TT-**,,0,human,Br2720,NAC,N,N,S,LIBD4125,IMG_8137.jpg,1,**_*_***,**_*_***,**_*_***,**_*_***,**_*_***,2023.02.22_Br2720_NAc_reVisium_summary_sheet.xlsx,,,,,V12D07-074_C1,,,,,"Svitlana Bach",,,,,SI-TT-B1,SI-TT-**,SI-TT-**,SI-TT-**,SI-TT-**,,0,human,Br2720,NAC,N,N,S,LIBD4125,IMG_8137.jpg,,**_*_***,**_*_***,**_*_***,**_*_***,**_*_***,,,,,,,,,,,,,,,,SI-TT-**,SI-TT-**,SI-TT-**,SI-TT-**,SI-TT-**,,0,,,,,,,,,,,,,,,,,,,,,,,,,,,,,,,,,,,,,,,,,,,,,,,,,,,,,,,,,,,,,0
36,2023-04-24,,V12D07-078,HE,Reg,CS2,,,,,,,,,,,,,,,,,,,,,,,,,,,,,,,,,,V12D07-078_40x,tif,,,,,,,,,,,,,,,,,,,,,,,,,,,,,,,,,,,,,,,,,,,,,,,,,,,,,,,,,,,,,,,,,,,,,,,V12D07-078_20x_snap.tif,"Svitlana Bach ",,,0,human,Br8492,NAC,N,N,S,LIBD4125,IMG_9247.jpg,0,**_*_***,**_*_***,**_*_***,**_*_***,**_*_***,,,,,,,,,,,,,,,,SI-TT-**,SI-TT-**,SI-TT-**,SI-TT-**,SI-TT-**,,0,human,Br8492,NAC,N,N,S,LIBD4125,IMG_9247.jpg,,**_*_***,**_*_***,**_*_***,**_*_***,**_*_***,,,,,,,,,,,,,,,,SI-TT-**,SI-TT-**,SI-TT-**,SI-TT-**,SI-TT-**,,0,human,Br8492,NAC,N,N,S,LIBD4125,IMG_9247.jpg,0,**_*_***,**_*_***,**_*_***,**_*_***,**_*_***,,,,,,,,,,,,,,,,SI-TT-**,SI-TT-**,SI-TT-**,SI-TT-**,SI-TT-**,,0,human,Br8492,NAC,N,N,S,LIBD4125,IMG_9247.jpg,0,**_*_***,**_*_***,**_*_***,**_*_***,**_*_***,,,,,,,,,,,,,,,,SI-TT-**,SI-TT-**,SI-TT-**,SI-TT-**,SI-TT-**,,0,,,,,,,,,,,,,,,,,,,,,,,,,,,,,,,,,,,,,,,,,,,,,,,,,,,,,,,,,,,,,0
37,2023-04-26,,V12D07-333,HE,Reg,CS2,,,,,,,,,,,,,,,,,,,,,,,,,,,,,,,,,,V12D07-333_40x,tif,,,,,,,,,,,,,,,,,,,,,,,,,,,,,,,,,,,,,,,,,,,,,,,,,,,,,,,,,,,,,,,,,,,,,,,V12D07-333_20x_snap.tif,"Svitlana Bach",,,0,human,Br6522,NAC,N,N,S,LIBD4125,IMG_9253.jpg,0,**_*_***,**_*_***,**_*_***,**_*_***,**_*_***,,,,,,,,,,,,,,,,SI-TT-**,SI-TT-**,SI-TT-**,SI-TT-**,SI-TT-**,,0,human,Br6522,NAC,N,N,S,LIBD4125,IMG_9253.jpg,0,**_*_***,**_*_***,**_*_***,**_*_***,**_*_***,,,,,,,,,,,,,,,,SI-TT-**,SI-TT-**,SI-TT-**,SI-TT-**,SI-TT-**,,0,human,Br6522,NAC,N,N,S,LIBD4125,IMG_9253.jpg,0,**_*_***,**_*_***,**_*_***,**_*_***,**_*_***,,,,,,,,,,,,,,,,SI-TT-**,SI-TT-**,SI-TT-**,SI-TT-**,SI-TT-**,,0,human,Br6522,NAC,N,N,S,LIBD4125,IMG_9253.jpg,0,**_*_***,**_*_***,**_*_***,**_*_***,**_*_***,,,,,,,,,,,,,,,,SI-TT-**,SI-TT-**,SI-TT-**,SI-TT-**,SI-TT-**,,0,,,,,,,,,,,,,,,,,,,,**_*_***,**_*_***,**_*_***,**_*_***,**_*_***,,,,,,,,,,,,,,,,SI-TT-**,SI-TT-**,SI-TT-**,SI-TT-**,SI-TT-**,,,,,,,,,,,,,,,,,0
38,2023-06-14,,V13F06-313,HE,Reg,CS2,,,,,,,,,,,,,,,,,,,,,,,,,,,,,,,,,,V13F06-313_40x,tif,,,,,,,,,,,,,,,,,,,,,,,,,,,,,,,,,,,,,,,,,,,,,,,,,,,,,,,,,,,,,,,,,,,,,,,V13F06-313_20x_snap.tif,"Svitlana Bach - Day 1 cDNA, Madeline Valentine - Day 2 libraries",,,0,human,Br6423,NAC,N,N,S,LIBD4125,IMG_0253.jpg,0,**_*_***,**_*_***,**_*_***,**_*_***,**_*_***,,,,,,,,,,,,,,,,SI-TT-**,SI-TT-**,SI-TT-**,SI-TT-**,SI-TT-**,,0,human,Br6423,NAC,N,N,S,LIBD4125,IMG_0253.jpg,0,**_*_***,**_*_***,**_*_***,**_*_***,**_*_***,,,,,,,,,,,,,,,,SI-TT-**,SI-TT-**,SI-TT-**,SI-TT-**,SI-TT-**,,0,human,Br8325,NAC,N,N,S,LIBD4125,IMG_0261.jpg,0,**_*_***,**_*_***,**_*_***,**_*_***,**_*_***,,,,,,,,,,,,,,,,SI-TT-**,SI-TT-**,SI-TT-**,SI-TT-**,SI-TT-**,,0,human,Br6423,NAC,N,N,S,LIBD4125,IMG_0253.jpg,0,**_*_***,**_*_***,**_*_***,**_*_***,**_*_***,,,,,,,,,,,,,,,,SI-TT-**,SI-TT-**,SI-TT-**,SI-TT-**,SI-TT-**,,0,,,,,,,,,,,,,,,,,,,,,,,,,,,,,,,,,,,,,,,,,,,,,,,,,,,,,,,,,,,,,0
39,2023-06-15,,V13M06-376,HE,Reg,CS2,,,,,,,,,,,,,,,,,,,,,,,,,,,,,,,,,,V13M06-376_40x,tif,,,,,,,,,,,,,,,,,,,,,,,,,,,,,,,,,,,,,,,,,,,,,,,,,,,,,,,,,,,,,,,,,,,,,,,V13M06-376_20x_snap.tif,"Svitlana Bach - Day 1 cDNA, Madeline Valentine - Day 2 libraries",,,0,human,Br8325,NAC,N,N,S,LIBD4125,IMG_0261.jpg,0,**_*_***,**_*_***,**_*_***,**_*_***,**_*_***,,,,,,,,,,,,,,,,SI-TT-**,SI-TT-**,SI-TT-**,SI-TT-**,SI-TT-**,,0,human,Br8325,NAC,N,N,,LIBD4125,IMG_0261.jpg,0,**_*_***,**_*_***,**_*_***,**_*_***,**_*_***,,,,,,,,,,,,,,,,SI-TT-**,SI-TT-**,SI-TT-**,SI-TT-**,SI-TT-**,,0,human,Br8325,NAC,N,N,S,LIBD4125,IMG_0261.jpg,0,**_*_***,**_*_***,**_*_***,**_*_***,**_*_***,,,,,,,,,,,,,,,,SI-TT-**,SI-TT-**,SI-TT-**,SI-TT-**,SI-TT-**,,0,human,Br8325,NAC,N,N,S,LIBD4125,IMG_0261.jpg,0,**_*_***,**_*_***,**_*_***,**_*_***,**_*_***,,,,,,,,,,,,,,,,SI-TT-**,SI-TT-**,SI-TT-**,SI-TT-**,SI-TT-**,,0,,,,,,,,,,,,,,,,,,,,,,,,,,,,,,,,,,,,,,,,,,,,,,,,,,,,,,,,,,,,,0
40,2023-06-20,,V11D01-384,HE,Reg,CS2,,,,,,,,,,,,,,,,,,,,,,,,,,,,,,,,,,V11D01-384_40x,tif,,,,,,,,,,,,,,,,,,,,,,,,,,,,,,,,,,,,,,,,,,,,,,,,,,,,,,,,,,,,,,,,,,,,,,,V11D01-384_20x_snap.tif,"Svitlana Bach - Day 1 cDNA, Madeline Valentine - Day 2 libraries",,,0,human,Br6432,NAC,N,N,S,LIBD4125,Mounting_visium.png,0,**_*_***,**_*_***,**_*_***,**_*_***,**_*_***,,,,,,,,,,,,,,,,SI-TT-**,SI-TT-**,SI-TT-**,SI-TT-**,SI-TT-**,,0,human,Br6432,NAC,N,N,S,LIBD4125,Mounting_visium.png,0,**_*_***,**_*_***,**_*_***,**_*_***,**_*_***,,,,,,,,,,,,,,,,SI-TT-**,SI-TT-**,SI-TT-**,SI-TT-**,SI-TT-**,,0,human,Br6432,NAC,N,N,S,LIBD4125,Mounting_visium.png,0,**_*_***,**_*_***,**_*_***,**_*_***,**_*_***,,,,,,,,,,,,,,,,SI-TT-**,SI-TT-**,SI-TT-**,SI-TT-**,SI-TT-**,,0,human,Br6432,NAC,N,N,S,LIBD4125,Mounting_visium.png,,**_*_***,**_*_***,**_*_***,**_*_***,**_*_***,,,,,,,,,,,,,,,,SI-TT-**,SI-TT-**,SI-TT-**,SI-TT-**,SI-TT-**,,0,,,,,,,,,,,,,,,,,,,,,,,,,,,,,,,,,,,,,,,,,,,,,,,,,,,,,,,,,,,,,0
41,2023-06-23,,V13M06-377,HE,Reg,CS2,,,,,,,,,,,,,,,,,,,,,,,,,,,,,,,,,,V13M06-377_40X,tif,,,,,,,,,,,,,,,,,,,,,,,,,,,,,,,,,,,,,,,,,,,,,,,,,,,,,,,,,,,,,,,,,,,,,,,V13M06-377_20X_snapshot.tif,"Svitlana Bach ",,,0,human,Br6471,NAC,N,N,S,LIBD4125,IMG_0759.jpg,0,**_*_***,**_*_***,**_*_***,**_*_***,**_*_***,,,,,,,,,,,,,,,,SI-TT-**,SI-TT-**,SI-TT-**,SI-TT-**,SI-TT-**,,0,human,Br6471,NAC,N,N,S,LIBD4125,IMG_0759.jpg,0,**_*_***,**_*_***,**_*_***,**_*_***,**_*_***,,,,,,,,,,,,,,,,SI-TT-**,SI-TT-**,SI-TT-**,SI-TT-**,SI-TT-**,,0,human,Br6471,NAC,N,N,S,LIBD4125,IMG_0759.jpg,0,**_*_***,**_*_***,**_*_***,**_*_***,**_*_***,,,,,,,,,,,,,,,,SI-TT-**,SI-TT-**,SI-TT-**,SI-TT-**,SI-TT-**,,0,human,Br6471,NAC,N,N,S,LIBD4125,IMG_0759.jpg,0,**_*_***,**_*_***,**_*_***,**_*_***,**_*_***,,,,,,,,,,,,,,,,SI-TT-**,SI-TT-**,SI-TT-**,SI-TT-**,SI-TT-**,,0,,,,,,,,,,,,,,,,,,,,,,,,,,,,,,,,,,,,,,,,,,,,,,,,,,,,,,,,,,,,,0
42,2023-06-28,,V13M06-378,HE,Reg,CS2,,,,,,,,,,,,,,,,,,,,,,,,,,,,,,,,,,V13M06-378_40X,tif,,,,,,,,,,,,,,,,,,,,,,,,,,,,,,,,,,,,,,,,,,,,,,,,,,,,,,,,,,,,,,,,,,,,,,,V13M06-378_20Xsnapshot.tif,"Svitlana Bach ",,,0,human,Br2743,NAC,N,N,S,LIBD4125,IMG_0764.jpg,0,**_*_***,**_*_***,**_*_***,**_*_***,**_*_***,,,,,,,,,,,,,,,,SI-TT-**,SI-TT-**,SI-TT-**,SI-TT-**,SI-TT-**,,0,human,Br2743,NAC,N,N,S,LIBD4125,IMG_0764.jpg,0,**_*_***,**_*_***,**_*_***,**_*_***,**_*_***,,,,,,,,,,,,,,,,SI-TT-**,SI-TT-**,SI-TT-**,SI-TT-**,SI-TT-**,,0,human,Br2743,NAC,N,N,S,LIBD4125,IMG_0764.jpg,0,**_*_***,**_*_***,**_*_***,**_*_***,**_*_***,,,,,,,,,,,,,,,,SI-TT-**,SI-TT-**,SI-TT-**,SI-TT-**,SI-TT-**,,0,human,Br2743,NAC,N,N,S,LIBD4125,IMG_0764.jpg,0,**_*_***,**_*_***,**_*_***,**_*_***,**_*_***,,,,,,,,,,,,,,,,SI-TT-**,SI-TT-**,SI-TT-**,SI-TT-**,SI-TT-**,,0,,,,,,,,,,,,,,,,,,,,,,,,,,,,,,,,,,,,,,,,,,,,,,,,,,,,,,,,,,,,,0
43,2023-05-24,2023-01-22,V12N28-333,IF,Reg,Polaris,20x,Varies,,,,,,,,,,,,,,,,,,,,,,,,,,,,,,,,20230524_VSPG_dACC_4celltypes_Scan1.qptiff,tif,"Anti-NeuN ",Anti-TMEM119,Anti-GFAP,Anti-OLIG2,None,Anti-Rabbit-Ig,Anti-Rat-Ig,Anti-Goat-Ig,DAPI,None,"Sigma Aldrich","Sigma Aldrich",Thermofisher,"R&D systems",None,Thermofisher,Thermofisher,Thermofisher,Thermofisher,None,MAB377X,HPA051870,13-0300,AF2418,None,A31572,A21209,A21447,D1306,None,Mouse,Rabbit,Rat,Goat,None,Donkey,Donkey,Donkey,None,None,NeuN,TMEM119,GFAP,OLIG2,None,Rabbit,Rat,Goat,None,None,1/100,1/20,1/100,1/20,None,1/300,1/600,1/400,1/3000,None,"Alexa 488",None,None,None,None,"Alexa 555","Alexa 594","Alexa 647",None,None,WholeSlide.tiff,"Svitlana Bach","Sang Ho Kwon","Sang Ho Kwon",0,human,Br3942,dACC,N,N,S,spatialdACC_LIBD4125,,1," dACC_5v",**_*_***,**_*_***,**_*_***,**_*_***,dACC_Visium_summary_20230227_Maddy_05302023_Sangho,,,,,,,,,,"Sang Ho Kwon",,,,,SI-TT-F4,SI-TT-**,SI-TT-**,SI-TT-**,SI-TT-**,,0,human,Br8492,dACC,N,N,S,spatialdACC_LIBD4125,,1," dACC_6v",**_*_***,**_*_***,**_*_***,**_*_***,"dACC_Visium_summary_20230227_Maddy_05302023_Sangho ",,,,,,,,,,"Sang Ho Kwon",,,,,SI-TT-G4,SI-TT-**,SI-TT-**,SI-TT-**,SI-TT-**,,0,human,Br2743,dACC,N,N,S,spatialdACC_LIBD4125,,1," dACC_7v",**_*_***,**_*_***,**_*_***,**_*_***,dACC_Visium_summary_20230227_Maddy_05302023_Sangho,,,,,,,,,,"Sang Ho Kwon",,,,,SI-TT-H4,SI-TT-**,SI-TT-**,SI-TT-**,SI-TT-**,,0,human,Br6423,dACC,N,N,S,spatialdACC_LIBD4125,,1," dACC_8v",**_*_***,**_*_***,**_*_***,**_*_***,dACC_Visium_summary_20230227_Maddy_05302023_Sangho,,,,,,,,,,,,,,,SI-TT-B5,SI-TT-**,SI-TT-**,SI-TT-**,SI-TT-**,,0,,,,,,,,,,,,,,,,,,,,**_*_***,**_*_***,**_*_***,**_*_***,**_*_***,,,,,,,,,,,,,,,,SI-TT-**,SI-TT-**,SI-TT-**,SI-TT-**,SI-TT-**,,,,,,,,,,,,,,,,,0
44,2023-05-27,2023-05-30,V12D07-334,IF,,Polaris,20X,Varies,,,,,,,,,,,,,,,,,,,,,,,,,,,,,,,,20230531_VSPG_PNN_Round2_Scan1.qptiff,tif,WFA,Anti-NeuN,"Anti-Claudin 5",,,Streptavidin,DAPI,,,,"Sigma Aldrich","Sigma Aldrich",Thermofisher,,,Thermofisher,Thermofisher,,,,L1526,MAB377A5,352588,,,S32357,D1306,,,," -",Mouse,Mouse,,," -"," -",,,,"Perineuronal nets (PNNs)",NeuN,"Claudin 5",,,Biotin," -",,,,1/600,1/50,1/50,,,1/400,1/3000,,,,Biotin,"Alexa 555","Alexa 488",,,"Alexa 647"," -",,,,,"Sang Ho Kwon","Sang Ho Kwon","Sang Ho Kwon",0,human,5373,DLPFC,N,N,S,spatialDLPFC_SCZ_LIBD4100,,1,9v-shk,,**_*_***,**_*_***,**_*_***,,,,,,,,,,,"Sang Ho Kwon",,,,,SI-TT-C5,SI-TT-**,SI-TT-**,SI-TT-**,SI-TT-**,,0,human,5472,DLPFC,N,N,S,spatialDLPFC_SCZ_LIBD4100,,1,10v_SHK,**_*_***,**_*_***,**_*_***,**_*_***,,,,,,,,,,,"Sang Ho Kwon",,,,,SI-TT-D5,SI-TT-**,SI-TT-**,SI-TT-**,SI-TT-**,,0,human,5789,DLPFC,N,N,S,spatialDLPFC_SCZ_LIBD4100,,1,11v_SHK,**_*_***,**_*_***,**_*_***,**_*_***,,,,,,,,,,,"Sang Ho Kwon",,,,,SI-TT-E5,SI-TT-**,SI-TT-**,SI-TT-**,SI-TT-**,,0,human,6432,DLPFC,N,N,S,spatialDLPFC_SCZ_LIBD4100,,1,12v_SHK,**_*_***,**_*_***,**_*_***,**_*_***,,,,,,,,,,,"Sang Ho Kwon",,,,,SI-TT-F5,SI-TT-**,SI-TT-**,SI-TT-**,SI-TT-**,,0,,,,,,,,,,,,,,,,,,,,,,,,,,,,,,,,,,,,,,,,,,,,,,,,,,,,,,,,,,,,,0
45,2023-07-10,2023-07-09,V13M06_279,IF,,Polaris,20X,Varies,,,,,,,,,,,,,,,,,,,,,,,,,,,,,,,,20230710_VSPG_PNN_Slide4_Scan1.qptiff,tif,WFA,Anti-NeuN,"Anti-Claudin 5",,,Streptavidin,DAPI,,,,"Sigma Aldrich","Sigma Aldrich",Thermofisher,,,Thermofisher,Thermofisher,,,,L1526,MAB377A5,352588,,,532357,D1306,,,," -",Mouse,Mouse,,," -"," -",,,,"Perineuronal nets (PNNs)",NeuN,"Claudin 5",,,Biotin," -",,,,1/600,1/50,1/50,,,1/400,1/3000,,,,Biotin,"Alexa 555","Alexa 488",,,"Alexa 647"," -",,,,,"Sang Ho Kwon","Sang Ho Kwon","Sang Ho Kwon",0,,,,,,,,,,,,,,,,,,,,,,,,,,,,,,,,,,,,0,,,,,,,,,,,,,,,,,,,,,,,,,,,,,,,,,,,,0,,,,,,,,,,,,,,,,,,,,,,,,,,,,,,,,,,,,0,,,,,,,,,,,,,,,,,,,,,,,,,,,,,,,,,,,,0,,,,,,,,,,,,,,,,,,,,,,,,,,,,,,,,,,,,,,,,,,,,,,,,,,,,,,,,,,,,,0
46,2023-07-11,2023-07-09,V13M06_280,IF,Reg,Polaris,20X,Varies,,,,,,,,,,,,,,,,,,,,,,,,,,,,,,,,20230711_VSPG_PNN_Slide5_Scan2.qptiff,tif,WFA,Anti-NeuN,"Anti-Claudin 5",,,Streptavidin,DAPI,,,,"Sigma Aldrich","Sigma Aldrich",Thermofisher,,,Thermofisher,Thermofisher,,,,L1526,MAB377A5,352588,,,532357,D1306,,,," -",Mouse,Mouse,,," -"," -",,,,"Perineuronal nets (PNNs)",NeuN,"Claudin 5",,,Biotin," -",,,,1/600,1/50,1/50,,,1/400,1/3000,,,,Biotin,"Alexa 555","Alexa 488",,,"Alexa 647"," -",,,,,"Sang Ho Kwon","Sang Ho Kwon","Sang Ho Kwon",0,,,,,,,,,,,,,,,,,,,,,,,,,,,,,,,,,,,,0,,,,,,,,,,,,,,,,,,,,,,,,,,,,,,,,,,,,0,,,,,,,,,,,,,,,,,,,,,,,,,,,,,,,,,,,,0,,,,,,,,,,,,,,,,,,,,,,,,,,,,,,,,,,,,0,,,,,,,,,,,,,,,,,,,,,,,,,,,,,,,,,,,,,,,,,,,,,,,,,,,,,,,,,,,,,0
47,2023-07-17,2023-07-16,V13M06_281,IF,,Polaris,20X,Varies,,,,,,,,,,,,,,,,,,,,,,,,,,,,,,,,20230717_VSPG_PNN_Slide6_Scan1.qptiff,tif,WFA,Anti-NeuN,"Anti-Claudin 5",,,Streptavidin,DAPI,,,,"Sigma Aldrich","Sigma Aldrich",Thermofisher,,,Thermofisher,Thermofisher,,,,L1526,MAB377A5,352588,,,532357,D1306,,,," -",Mouse,Mouse,,," -"," -",,,,"Perineuronal nets (PNNs)",NeuN,"Claudin 5",,,Biotin," -",,,,1/600,1/50,1/50,,,1/400,1/3000,,,,Biotin,"Alexa 555","Alexa 488",,,"Alexa 647"," -",,,,,"Sang Ho Kwon","Sang Ho Kwon","Sang Ho Kwon",0,,,,,,,,,,,,,,,,,,,,,,,,,,,,,,,,,,,,0,,,,,,,,,,,,,,,,,,,,,,,,,,,,,,,,,,,,0,,,,,,,,,,,,,,,,,,,,,,,,,,,,,,,,,,,,0,,,,,,,,,,,,,,,,,,,,,,,,,,,,,,,,,,,,0,,,,,,,,,,,,,,,,,,,,,,,,,,,,,,,,,,,,,,,,,,,,,,,,,,,,,,,,,,,,,0
48,2023-07-18,2023-07-16,V13M06-282,IF,,Polaris,20X,Varies,,,,,,,,,,,,,,,,,,,,,,,,,,,,,,,,20230718_VSPG_PNN_Slide7_Scan1.qptiff,tif,WFA,Anti-NeuN,"Anti-Claudin 5",,,Streptavidin,DAPI,,,,"Sigma Aldrich","Sigma Aldrich",Thermofisher,,,Thermofisher,Thermofisher,,,,L1526,MAB377A5,352588,,,532357,D1306,,,," -",Mouse,Mouse,,," -"," -",,,,"Perineuronal nets (PNNs)",NeuN,"Claudin 5",,,Biotin," -",,,,1/600,1/50,1/50,,,1/400,1/3000,,,,Biotin,"Alexa 555","Alexa 488",,,"Alexa 647"," -",,,,,"Sang Ho Kwon","Sang Ho Kwon","Sang Ho Kwon",0,,,,,,,,,,,,,,,,,,,,,,,,,,,,,,,,,,,,0,,,,,,,,,,,,,,,,,,,,,,,,,,,,,,,,,,,,0,,,,,,,,,,,,,,,,,,,,,,,,,,,,,,,,,,,,0,,,,,,,,,,,,,,,,,,,,,,,,,,,,,,,,,,,,0,,,,,,,,,,,,,,,,,,,,,,,,,,,,,,,,,,,,,,,,,,,,,,,,,,,,,,,,,,,,,0
49,2023-07-25,2023-07-24,V13F27-293,IF,,Polaris,20X,Varies,,,,,,,,,,,,,,,,,,,,,,,,,,,,,,,,20230724_VSPG_PNN_Slide8_Scan1.qptiff,tif,WFA,Anti-NeuN,"Anti-Claudin 5",,,Streptavidin,DAPI,,,,"Sigma Aldrich","Sigma Aldrich",Thermofisher,,,Thermofisher,Thermofisher,,,,L1526,MAB377A5,352588,,,532357,D1306,,,," -",Mouse,Mouse,,," -"," -",,,,"Perineuronal nets (PNNs)",NeuN,"Claudin 5",,,Biotin," -",,,,1/600,1/50,1/50,,,1/400,1/3000,,,,,,,,,,,,,,,"Sang Ho Kwon","Sang Ho Kwon","Sang Ho Kwon",0,,,,,,,,,,,,,,,,,,,,,,,,,,,,,,,,,,,,0,,,,,,,,,,,,,,,,,,,,,,,,,,,,,,,,,,,,0,,,,,,,,,,,,,,,,,,,,,,,,,,,,,,,,,,,,0,,,,,,,,,,,,,,,,,,,,,,,,,,,,,,,,,,,,0,,,,,,,,,,,,,,,,,,,,,,,,,,,,,,,,,,,,,,,,,,,,,,,,,,,,,,,,,,,,,0
50,2023-07-26,2023-07-24,V13F27-294,IF,Reg,Polaris,20X,Varies,,,,,,,,,,,,,,,,,,,,,,,,,,,,,,,,20230725_VSPG_PNN_Slide9_Scan1.qptiff,tif,WFA,Anti-NeuN,"Anti-Claudin 5",,,Streptavidin,DAPI,,,,"Sigma Aldrich","Sigma Aldrich",Thermofisher,,,Thermofisher,Thermofisher,,,,L1526,MAB377A5,352588,,,532357,D1306,,,," -",Mouse,Mouse,,," -"," -",,,,"Perineuronal nets (PNNs)",NeuN,"Claudin 5",,,Biotin," -",,,,1/600,1/50,1/50,,,1/400,1/3000,,,,Biotin,"Alexa 555","Alexa 488",,,"Alexa 647"," -",,,,,"Sang Ho Kwon","Sang Ho Kwon","Sang Ho Kwon",0,,,,,,,,,,,,,,,,,,,,,,,,,,,,,,,,,,,,0,,,,,,,,,,,,,,,,,,,,,,,,,,,,,,,,,,,,0,,,,,,,,,,,,,,,,,,,,,,,,,,,,,,,,,,,,0,,,,,,,,,,,,,,,,,,,,,,,,,,,,,,,,,,,,0,,,,,,,,,,,,,,,,,,,,,,,,,,,,,,,,,,,,,,,,,,,,,,,,,,,,,,,,,,,,,0
